title,sentence,score
신비한 동물들과 덤블도어의 비밀,다음편도 계속 나와주길,8
도어락,위기순간에 얼어붙는 주인공 모습 보면 고구마 백개,7
문폴,용돈 필요해서 자존심 버리고 만들었나?중국식 뻥구라 영화… 그 이상도 이하도 아님,1
박화영,박화영을 꼭 안아주고 토닥여주고 싶네요...,10
베놈 2: 렛 데어 비 카니지,베놈과 에디의 부부싸움 잘 봤습니다...,4
크게 될 놈,와  추천 대박 나이40에 펑펑울엇다 개감동 ㅠㅠ부모님께잘하자,10
세븐틴 파워 오브 러브 : 더 무비,감동 심해요..평셉 기강 잡힙니다..사랑해!!돈이 안 아까워요 당장 보러가세요.,10
더 배트맨,솔직히 배트맨 특유의 모습은 잘표현했는데 기존 히어로 영화가 액션씬이 좀 많고 밝은 분위기였다면 이 영화는 지금까지 히어로 영화중 굉장히 어두운편이고 액션도 막 화려하지 않고 현실적이라서 히어로 영화 기대하고 온 사람들한테는 실망이 클듯 딱 호불호가 갈리기 좋은영화 다크나이트처럼 빌런을 좀더 매력적으로 만들고 액션씬 추가해줬으면 좋았을듯 ,8
람보 : 라스트 워,역시 람보. 게릴라전의 프로,9
분노의 질주: 더 얼티메이트,아무생각없이 보기좋아요. 어이없어서 많이 웃었네요. 역시 킬링타임 굿,5
더 배트맨,느와르 장르의 매우 현실적인 히어로 영화. 러닝타임이 길지만 몰입감이 좋아서 시간이 빨리지나감,9
"나는 내일, 어제의 너와 만난다",また?える？また?えるよ,10
보안관,"생각보다 볼만한 영화. 스토리는 뻔하지만, 그래도 재미도 있는 영화",8
소공녀,전 위스키 담배를 여자보다 좋아하는데 공감이 안되네요 전 달에 세후 개같이 일해서 450정도 땡기지만 한푼이라도 아끼려고 어지간하면 집에서 혼자 소주 마시고 담뱃값 오른 그날부터 담배를 반으로 줄였습니다 그리고 그 글렌피딕12년 700ml를 7만원에 한병 사면요 애껴서애껴서 한달정도 마십니다 그래도 그게 수십잔인데 한잔에 만원이 넘는 싱글몰트 위스키를 바에서 마신다? 정신이 나간거지..,6
마녀,다른건 다 좋은데 조민수 캐스팅은 확실히 실수다,9
내가 처음으로 사랑한 소녀,클리셰 범벅이지만 재밌다 영화에서만이라도 퀴어들이 어떠한 고난과 역경없이 그냥 하하호호 행복했으면 좋겠다 이미 우리 삶은 충분히 힘드니까,10
서울괴담,옴니버스 장르 특성상 영화에 대한 몰입도가 많이 떨어지는건 어쩔수 없나봅니다 스토리라도 잘 짜던가 개연성도 없고 이건 감동도 없고 이도저도 아닌 영화,1
서치,몰입도가 굉장하고 연출을 잘했네요 초반 떡밥 회수까지 깔끔 완벽,10
역린,영화잘만들었어요!재밌어요,10
로스트 시티,제 점수는 10점입니다.,10
뜨거운 피,하나 하나가 다 명장면인데 단점은 하나 하나가 다 어디서 본 장면 같음. 볼만했음,7
악마를 보았다,"다시 봐도 재밌는 영화! 눈에는 눈, 이에는 이! 이 영화는 우리나라 교도소에 수감된 살인마들에게 꼭 보여줘야 할 영화라고 생각해요. 그리고 극중 몰입도가 정말 최고였어요. 이병헌과 최민식의 연기력, 정말 대단하단 말 밖엔 안 나오네요. 12년만에 다시 봤는데, 너무 재밌게 봤습니다. ",10
야차,좋은 재료를 갖고 클리셰로 떡칠해서 이렇게 망치다니...예상을 벗어난 장면이 없었음...분명 반전인데 다 예측 가능하고 왜 다음장면 까지 그려질까..,4
불도저에 탄 소녀,애미나이 고조 화끈하구만 기래 칼춤한번 추라이,8
랜드,오랜만에 영화를 집중해서 봤어요,10
서울괴담,개인적으로 장롱편은 진짜 무서웠음 ㅠㅠㅋㅋ,6
봄날,재밌게 잘봤어요. 돈이 아깝거나 그러진 않아요. 엄마기일 하루전이라 이 영화를 보고 싶었을 뿐. 이정도면 구성도 좋고 잘만들었다 생각되요. 역시 조폭세계는 발을 들여놓는 게 아님. ,8
서울괴담,스토리 너무 뻔하고 다 예상이감.. 진짜 너무 재미없었음 쓸데없이 브금만 웅장하고 효과음 떨칠해놈,1
니 부모 얼굴이 보고 싶다,보면서 계속 가슴이 아팠어요  연기 너무 좋고 영화자체도 정말 재밌어요 5년이 지나 개봉해서 배우감독님 모두 아쉬웠을거 같아요 진짜 재밌습니다 꼭 보세요,10
서울괴담,옴니버스라 지루하진 않았는데 무서운게 딱좋아 만화책 실사화 느낌이었다ㅋㅋ,10
지구가 멈추는 날,"흑인 애새끼 등장하는 장면마다 짜증 유발하네. 이 영화는 흑인 애새끼부터 죽여버리고 시작했어야 재밌는 영화가 될 뻔했다. 와 진짜 나오는 장면, 대화마다 사사건건 짜증을 유발하지 않는 장면이 없다. 별개로 외계인이 사용하는 연고는 나도 가지고 싶음. 무슨 만병통치약 같음.",6
더 컨트랙터,액션 스토리 연기 너무 좋았어요 재밌어요 영화느낌자체도 좋아요,10
카트,현실이라서 마음이 아픔,10
중경삼림,"실연, 그리고 새로운 만남",8
마녀,고민시가 영화살렸다 2탄은 고민시 위주로가자,10
우먼 인 골드,아직도 반환되지 않고 있는 약탈 문화들에 대한 환수를 기원하면서.,6
적과의 동침,킬링타임으로 좋아요옹,10
배틀쉽,영화 재밌고 잘만들었는데 일본관련 논쟁 때문에 국내에선 평점이 깍인듯. 평점조절함,10
서울괴담, 보다가 중간에 나오게 만드는 내용과 연기 아까운 내돈… 이건 영화가 아니다 황찬란의 선택은 틀렸다 다음엔 내가 보자는 영화를 볼 수 있길 바란다…,1
에놀라 홈즈,봐도봐도 질리지 않는 최고의 작품,10
야차,재밌음.킬링타임용.,10
오차즈케의 맛,부부관계는 오차즈케의 맛,8
리틀 포레스트,현실이 지치고 인간관계에 지친 상황에 힐링이 되는 영화였습니다,10
이상한 나라의 수학자,서울우유만 마시는 거 아니었나요?,7
로스트 시티,초중반까지는 이게 이평점받을 영화가아닌거같은데? 재밌는데? 싶었는데 가면갈수록 말그대로 재미가없어짐 ㅠ 코미디영화에서 코미디가 빠진느낌 ㅠ 채닝테이텀은 좋았음 ㅠ ㅋ,6
서울괴담,내 28000천원 공중으로 분해된 느낌이네요 유치원생들이 수다 떨면서 무서운이야기 하는게 더욱더 재미있을듯요 보느 내내 여자친구랑 수다만 떨었네요,1
뜨거운 피,뭔 담배를 저래많이 피냐 영화찍다 죽것다,6
패러렐 마더스,역사와 가족사를 아우르는 엄마들의 연대기,6
뜨거운 피,기대치 보다는 그 이상이더이다,8
생활의 발견,정말 재미있게 봤어요ㅐ,10
코만도,한심한 것들,2
데몰리션,파괴 폭파 폐허. 나는 그녀를 사랑하지 않았어요. 과연 그랬을까요.,10
코다,해피엔딩인데  눈물나는 영화 ,10
이터널스,감동지수 없음감상포인트 없음,1
스파이더맨: 노 웨이 홈,주인공이 민폐 캐릭이네,2
중경삼림,서사라기보단 한편의 뮤직비디오,7
약속,다시 보고싶은데 볼 수있는곳이 없어요 ㅠㅠ 보고싶다 공상두!,10
신비한 동물들과 덤블도어의 비밀,영화를 정말 잘못 만듬.,2
쿠폰의 여왕,"독특한 전개, 스토리인데 실화라서 더욱 놀라운 영화 ㅎ",8
카트,연기력 너무 좋은 배우들. 그리고 몰입감 최고...앞으로 이런일은 없었으면 좋겠어요.,10
신비한 동물들과 덤블도어의 비밀,난 재밌던데에 마법 최공,10
컨택트,크레딧이 올라가고 심오한 생각과 감정들을 이끌어냈다. 이 영화는 정말 잘 만든 영화이다. 앞으로도 종종 찾아올것같은 영화이다.인생의 시작의 끝을 알지만 그것을 포용하기로한다는 주인공의 멘트가 특히 기억에 남았다,10
스텔라,살면서 본 영화중 가장 재미없음.. ,2
로스트 시티,평타는 치는 영화입니다 채닝 테이넘 굳,6
서울괴담,스토리가 진짜 레전드 버릴 에피소드가 없을정도로 너무 좋았음 근데 갑툭튀가 좀 많아서 소리지르느라 주변 눈치만 오지게봄,10
버드 박스,"사람들을 죽게만드는 그것의 존재가 뭔지, 새는 왜 들고다니는지에 대한 설명이 영화 끝날때까지 너무 없으니 뭔가 허무한 느낌. 그래도 (다른 리뷰와 마찬가지로) 몰입감, 긴장감은 영화 보는 내내 엄청났음. 특히 Greg였나? 집으로 와서 살다가 검은 악마그림들을 가방에서 꺼냈을때부터 너무 무서워서 지릴뻔함. 마지막으로 역시 샌드라 블럭의 연기는 끝내줌. ",8
신세계,"명작이구나,, 요즘 황정민 영화는 다 연기가 비슷비슷한데 신세계에서 만큼은 진짜 정청이었다,, 감독님 최고,, 근데 박성웅없는 포스터 조금 아쉽긴하다",10
신비한 동물들과 덤블도어의 비밀,저랑 남자친구 둘 다 너무 재밌게 봤어요.. 덤블도어와 그린델왈드 이야기를 중심으로 보시길 ,10
상류사회,꽤나 몰입감있는 세태풍자 판타지 혹은 다큐,8
중경삼림,영화적 설정이라해도 토나온다. 스토킹 범죄에서 로맨스를 어떻게 느끼지 2022년에도 이게 통한다고? ,2
니 부모 얼굴이 보고 싶다,"학폭 영화,, 너무 잘 만들어서 역겨움가해자는 끝까지 잘못을 모르는 것까지현실고증 미쳤음꼭 봐야하는 영화라고 생각함",10
이상한 나라의 수학자,여자애 좀 이상함자기가 시험유출됫다고 익명게시판에 올려놓고는  주인공덮어씌우네? 나서지는 않고 이상함,10
나이브스 아웃,러닝타임 내내 흥미진진하고 긴장감 있게 봤어요!!재밌었어요 !!할아버지가 마르타를 정말 아꼈다는 점도 ㅠㅠ!,10
안시성,조인성 연기 너무... p,2
부기나이트,연출 연기 스토리 모두 기대이상입니다. 약간의 코믹 및 반전 생각보다 괜찮아서 추천합니다.,10
공기살인,영화솓 피해자가 나와 우리아이였을수도 있다고 생각하니 아찔하고 피해자분들이 너무 안타까웠어요,8
뜨거운 피,"친구, 바람을 잇는 부산영화. 주인공의 딜레마를 잘 살려서 끝까지 재밌게 보았음. 평점이 낮아서 올려주려 리뷰 달음.",10
세 얼간이,중간에 노래 많이 나오는 게 좀 킹받긴 하지만 그것도 매력이니까...진짜 너무 재밌고 또 감동적이면서 여운을 남기는 영화!!! 이건 진짜 꼭 봐야 된다 알 이즈 웰 ,10
더 파더,"우연히 채널을 돌리다가 본 작품.. 루즈함보다는? 현실의 무서움? ㅜㅜ 반전은 관객이 다 알고있는 그대로 흐른다.. 조연들의 연기가 압권이었다.. 한정된 공간.. 한정된 사람(기억?).. 옷차림이 점점 흐트러지면서.. 결국 내자신도 나를 못 믿게되는.. ㅜㅜ 마지막에 어머니도 아닌, 엄마를 찾는다.. 엄마.. 우리의 현실에서 엄마를 찾게되는 순간은.. 나이는.. 언제나 기쁨보다? 두려움과 힘듬의 최고조에서 마지막의 그날이 아닐까? ㅜㅜ 조금은 지루하고? 단순할 수있는 패턴이 주조연의 연기로 끝까지 중심을 지켜간다.. 현실.. 현실은 스릴러와 공포구나.. ㅜㅜ",10
모범시민,흑인 검사새끼가 죽었으면 별 5개 줄수있는데..주인공까지 다 죽고 검사 혼자 살아남아서 별2개 ..  나 같으면 검사새끼부터 죽였을듯.. ,4
할로윈 킬즈,매우 매우 재밌게 봤음. 그런데 혹평하는 사람들의 마음도 이해가 감.,9
텍사스 전기톱 학살 2022,별점 0점 없나요? 보지마세요이거보다가 없던 암이생겼습니다,1
야차,킬링타임용으로 재밌게 볼만함!!,10
무언의 목격자,"초반 30분 동안 쫓고 쫓기는 장면은 예상외로 긴장감이 넘치고, 중반 이후 공포, 스릴러, 범죄, 코미디 등 종잡을 수 없을 정도로 장르가 변하는 것은 다소 난잡하게 느껴지지만 그래도 볼만하다.",6
봄날,살아가는 날들이 봄날이다바람불고 꽃피고 꽃지고,10
니 부모 얼굴이 보고 싶다,내가 과연 좋은 부모가 될 수 있을까 생각하게 만드는 영화,10
신비한 동물들과 덤블도어의 비밀,너무재밌었다!!!! 신비한동물사전 그린델왈드의범죄 다보고 간 사람이라면! 이해 100퍼되서 더 재밌다!!!! 해리포터 시리즈 전체 다본사람이라면! 당연 200퍼 재밌다!!!!,10
어웨이크,망한 의사는 계속 망한다 ( 사기 집도의 ) 빚때문에 잘해야 할거같은데 계속 나락임. 궁지 몰리니 손대지말아야 할 도덕성도 손대는거 ,10
중경삼림,이건 1000년 뒤에도 명화로 꼽힐 것임!!,10
뜨거운 피,뛰어난 작품입니다. 정우씨의 연기실력은 제 한국 최고수준이 도달했습니다. ,10
어느날,저는 너무 좋게봤어요 근데 관객수가ㅜ,10
신비한 동물들과 덤블도어의 비밀,대체 덤블도어의 비밀이 뭔지 모르겠다. 게이라는거? 어둡고 내용의 포인트를 알 수 없는 영화. 전갈나올때만 잠깐 잠이 깸. ,4
토이 스토리 3,눈물 찔찔 짰다...과거에 얽매이지 말고 살아가야 하는 교훈을 주는 것 같은 느낌...때로는 추억을 놓아주기도 하고 나아가야 한다는 것을....,10
야차,킬링타임용으로 나쁘지 않아요 평균 올려주려고 좀 더 줍니다 ,8
불꽃 슛 통키,"주말의 명화에 나와야 하는 명작.  요즘 잘나간다는 연기자들 데려다 놓고, 이 대본 쥐어 주고서 똑같이 연기시켜봐라. 다들 잘못했다고 손들고 나갈거다.",10
신비한 동물들과 덤블도어의 비밀,충분히 재미있습니다!! 스토리도 영상미도 마법 전투씬도 연기도 유머도 고루 갖춘 영화더군요! 재미없다는 얘기가 많아 볼까 말까 망설였는데 볼 만한 가치가 있습니다. 보지 않았더라면 해덕으로서 아쉬울 뻔했습니다~~~~,10
데자뷰,그럴싸한 이론으로 과거를 가는건데 당시 시간여행 영화. 볼만한 영화.,7
라따뚜이,최고의애니메이션이다,10
미 비포 유,넘아련함사랑하는사람을 두고 떠날수밖에없는 남주가 넝아련함,10
피터팬,????(/□＼*)???????(&amp;gt;ヘ＜）? ??,10
니 부모 얼굴이 보고 싶다,아이 키우는 입장에서 분노가 치밀더라구요. 저런 가해자같은 악마들을 키워내는데는 결국 부모 책임도 있는거지요. 다만 문소리씨 연기가 너무 거슬려서 안타깝더라구요. 원래 이렇게 연기가 부자연스러운지..,8
바후발리: 더 비기닝,아무생각없이 보면시간이 훅훅 간다발리우드의 최대장점화려한 영상미비끕뽕짝을 좋아하면강추ㅎㅎ,10
최악의 하루,이희준의찌질한연기는단연최고다.,8
퍼펙트맨,약 1시간 반정도로 호흡을 줄였으면 안늘어지고 더 재밌었을듯 해요ㅎㅎ,8
앵커,"임신과 경력단절에 대해 생각해볼 수 있었던 영화.. 긴장감 넘치고 스릴 넘쳤고, 후반부로 갈수록 생각에 빠지게 되며 여운이 남는 영화..!",10
모범시민,감독이 흑인ㅡㅡ이게 정의냐 ,1
공기살인,우리가 끊임없이 관심 가지고 잊지 말아야 할 사건이다. ,10
베놈 2: 렛 데어 비 카니지,90년대 말이나 먹힐법한 스토리... 이제 이런영화는 너무 진부함... 톰하디처럼 말못하는 배우도 없음... ,4
서울괴담,이건 아이돌팬들이라도 와서봐라 하고만든 영화라고 쳐도 그 아이돌 팬들마저 기만하는 수준의 영화다. 기승전까지 써놓고 결은 꿈꾸면서 쓰셨나 도대체 잘가다가 결말들이 다 왜그럼? 갑자기 괴수영화가 되지 않나 갑분 좀비;; 그래.. 첨에 귀신이 망치들고 사람 뚝빼기 꺨때 내가 나왔어야됐어..,2
서울괴담,무서운거 보다가 이렇게 졸리긴 처음임 90년대 토요미스테리나 이야기속으로가 더 재밌을정도 ㅠㅠ 이런건 책으로 보는게 더 나을듯,1
루시드 드림,"저는 재미가 없었습니다. 전반적으로 리얼리티가 떨어지고, 반전은 연계성이 적고, 몰입도가 낮고, 진부합니다. 박인환 배우님의 열쇠액션이 인상에 남는정도입니다.",6
문폴,나름 재미있게 봤습니다,8
야차,재밌게 봣는데 별테뭐임; ㅋㅋㅋ ,10
올드,"킬링 타임으로는 좋은 영화. 걸작은 될 수 없다.가장 큰 문제점은 플롯과 인물의 내면이 30분에 2년이라는 시간의 속도를 따라가지 못한다. 그리고 그 시차를 끝에서야 얼렁뚱땅 매운다.몇몇 씬은 아주 인상적이나, 대부분의 씬은 너무 급하거나, 느리거나. 혹은 그저 평범하거나.",5
더 배트맨,왜 제목이 &amp;#39;더 배트맨&amp;#39;인지 알 거 같다. 가장 배트맨다운 영화.,9
카트,실화기반이라면서 왜 노란 리본 안 달았나요? 진정성이 없어보여서 평점 깎아요.,1
신비한 동물들과 덤블도어의 비밀,눈물남미쳤음눈물남해리포터향수ㅠㅠㅠㅠ,10
불도저에 탄 소녀,악역은   1번이지만  빨간넥타이에  빨간당 ‥ 원하는건  그거였던듯,2
배트맨,진짜 잘만들었다 감독제작진들 짱이다,10
도둑들,"오션스랑 비교되어 티비에서만 띄엄띄엄 봐서 그런지, 감동지수가 낮았었는데 넷플릭스로 처음부터 끝까지 쭉 보니, 탄탄한 스토리와 깔끔한 연출, 헐리웃영화라는 다른 매력이 있는 보고나면 기분 좋아지는 최고의 한국영화임.  ",10
로스트 시티,기대안하고 갔는데 재밌게봄.. 뻔한 스토리지만 개그요소를 넣어둬서 웃긴부분이 있었다 그렇다고 너무 코미디를 기대하면 노잼임 가족영화느낌이랄까,7
신비한 동물들과 덤블도어의 비밀,쌉노잠ㅠ큐쿠쿠쿸쿵콩,1
슬리퍼스,"케빈 베이컨 땜에 20년도 훨씬 전에 극장서 봤는데 그땐 좀 지루했던 내용이 이제 40대 되서 보니 진지하게 보게 된.. 아 배우들이 넘 쟁쟁해 눈이 즐겁고~ 등장인물 소개에 로버트 드니로, 더스틴 호프먼, 브래트 핏 보다 맨 앞에 케빈 베이컨이라 띠용 일급살인에선 불쌍한 죄수 슬리퍼스에선 악랄한 교도관 완전 반대 역할 넘 잘하심ㅎ ",10
인 타임,진짜 오랜만에 겁나게 재밌는 영화를 보았다,10
샹치와 텐 링즈의 전설,삼류도 삼류도 이런 삼류가 없다. 마블 영화라는게 도무지 믿어지지 않는다,3
버닝,오타쿠 평론가들은 정말로 이 허구의 청춘로맨스로 기인한 발연기의 향연을 과연 이창동이란 이름으로 덮을 작정인가? 구질구질함과 예술성은 전혀 관련이 없다. ,6
야차,진짜 이렇게 재미없을 수가 있구나..,1
나일 강의 죽음,너무지루해요지루한게 다이김,1
동경 이야기,살아계실때잘해야지 부모님들은 기다려주시지않네요...,9
낙원의 밤,재밌게 잘 가다 말 못알아쳐먹는 부분이 별점 깎음  엄태구 연기는 좋았음. ,8
신사는 금발을 좋아한다,금발녀는 멍청하단 편견이 이 영화때문에 생긴거지.,6
벼랑 위의 포뇨,포뇨가 고작 별점 8점? ;;;,10
광대: 소리꾼,“우리 소리가 참 흥겹고 구슬프고 정겹구나” 알게된 영화였어요. 서편제 이후 판소리를 소재로 한 영화중 최고입니다. 청이로 나온 아역배우의 눈빛 연기부터 남녀배우들 모두 내공있는 모습이 보는 내내 빠져들게 했어요. 특히 이유리님의 울면서 부르는 노래는 정말 압권. 좋은 영화구나 생각했는데 촬영 비하인드 스토리를 들어보니 더 마음에 와 닿습니다. 꼭 남북 동시상영 하는 날이 오길 바랍니다. 배우들 모두 수고하셨고 혹시 영화 안보신분 들은 꼭 보셨으면 좋겠어요. 가슴이 따뜻해지고 재미도 있는 소리꾼 추천합니다. !!!,10
박열,꼬꼬무를 통해 영화를 보게되었습니다잊어서는 안되는 역사이야기 너무 감명깊게 봤습니다,10
문폴,"moonfall에 fall이란 단어는 보통 추락이란 뜻으로 알려져있는데 다른뜻으로 함락당하다, 기능저하 이런 의미도 부여할수 있습니다.  ",10
앰뷸런스,감독의 정신 상태가 의심되는 영화,2
중경삼림,볼 때마다 감상이 바뀌는 영화,10
렛 힘 고,무난한 영화 요즘의 자극적인 영화보다 좋았다,10
빌로우 제로,50대 아빠와 딸이 함께 보면 평점은 모두 만점 나옵니다. ㅎㅎㅎ 딸만 둘 둔 딸바보 아빠가 감상평 올립니다. ,10
니 부모 얼굴이 보고 싶다,중학생 아들이랑 둘이 봤어요부모로서 많은 생각을 하게 됩니다학생자녀가 있으신 부모들은 자식들과 함께 보길 추천 드립니다,10
언니,"넷플 떠서 봤는데 영화 비추입니다. 보는 내내 불편, 답답하고 스토리도 뻔하고 이시영이 돋보이는 영화이지만 그럼에도 이시영이 아깝다",2
니 부모 얼굴이 보고 싶다,"보고 나니 계속 생각이 나네요. 담담하면서도 에너지 강한 영화였습니다. 배우들의 연기와 스토리, 연출, 음향까지 좋았습니다. 추천합니다.",10
서울괴담,재밌어요 꼭 보세요!!,10
니 부모 얼굴이 보고 싶다,때린 놈이 다리 뻗고 자는 세상.,8
서울괴담,이게뭘까... 그냥 재미없음,1
니 부모 얼굴이 보고 싶다,다 보고서도 찜찜했던 영화.처음부터 끝까지 증거인멸만했던 영화,8
신비한 동물들과 덤블도어의 비밀,"갈수록 지지부진하고 아쉬운 시리즈. 영상, 음악은 나쁘지 않음.",6
돈 룩 업,나는 이 영화속 대통령을 보며 윤석열후보가 생각이 났다 썩은 정치인들과 재벌들을 제대로 보여주는 영화,10
신이 있는 달의 아이,주인공 칸나랑 도깨비랑 시노(토끼) 셋 다 캐릭 자체가 귀엽고 스토리도 넘 재밌네요! 2도 나왔으면..ㅠ,10
메리 셸리: 프랑켄슈타인의 탄생,그들의 갈등 속에서 문학이 나온다,10
사일런스,신은 단지 인간이 만들어낸 허상일뿐이다. 그렇지 않고서야 어찌 본인을 믿고따르는 충성심을 빙자하여추종자들에게 그런 고통을 줄 수 있음? 안믿으면 지옥불로 떨어트리고 믿어도 고통받으며 죽게하고 ㅋㅋㅋㅋ 대체 어느 장단에 맞춰야하는건가 ㅋㅋ,8
야차,액션 스파이물 좋은데내용이 종북빨갱이라 1점준다,2
신비한 동물들과 덤블도어의 비밀,이거 평점보고 기대안하고봐서그런자존 나 재미있었다요 하 미치는줄 ㅠㅠㅠ너무잼있러 덤블도어 존나멋져영 우앵,10
니 부모 얼굴이 보고 싶다,오랜만에 반전 영화 나왔네,7
그린 나이트,재밌게 봤는데 마지막에 off with your head가 네 머릴 자르마라고 번역 되어 있는데 잘못된 번역같네요.,10
스텔라,평점 엄청 낮게 준 사람들은 얼만큼 기대를 한 건지... 기냥저냥 풋 하고 웃을 정도로 잔잔한 코믹 로드 무비로 나름 괜찮았네요. 간만에 올드카 스텔라도 보고 좋네요.,8
극장판 주술회전 0,킬링타임용 약간의오글거림 재밌게봤딘,8
극장판 주술회전 0,킬링타임용 약간의오글거림 재밌게봤딘,8
극장판 주술회전 0,킬링타임용 약간의오글거림 재밌게봤딘,8
서울괴담,걍  초딩때 들어보던 괴담을 영화로 표현한거임 노잼임..보지마셈..,4
이터널스,파워(초능력적 무기)에 대한 타당성이나 정당성이 전혀 없고 설명이 없더라도 납득 정도는 되어야 몰입이 되는데 그냥 무조건 神이나 절대적 존재 핑계대고 이상한 능력 부여하고 그 파워에 일관성도 없이 완전 애들 장난처럼 매우 즉흥적. 나쁜놈(파괴세력ㅋㅋㅋ)도 온갖 SF의 악마 캐릭을 혼합짬뽕 시켜서 ㅋㅋ 이젠 별의 별 능력을 다 가져다 붙이고 변형 시켜봐야 요즘 사람들 뭥미?? 이럴 듯. 같잖다는 느낌이 너무 드네요 ㅎㅎ;; 사람들 움직임에 특히 마지막 전투장면부터 CG 티가 너무 나는데 기술 안되면 차라리 다른 기술을 쓰던지 아예 그런 장면을 넣지 말아야지.. 아무리 SF 판타지 장르이지만 극도로 억지스럽고 말이 안되도 이렇게 안되는 스토리를 끼워 맞추려다 보니 고스란히 졸작이 되어버린 듯. 스토리 자체도 요즘같은 시대에 시청자들도 보는 눈이 장난이 아닌데 &amp;#39;태초에..&amp;#39; 이렇게 시작해서 모든 말도 안됨을  퉁쳐 버리고 억지스럽게 짜맞추려 하다보니 진짜 졸렬해도 이렇게 졸렬할 수가 없다. 이젠 이러한 판타지물도 스토리 고갈에 컨셉조차 맛탱이 가서 당분간 획기적인 작품은 안나올 듯. 게다가 2시간 30분 훌쩍~ 과하디 과한 모든걸 다 가져다 붙인 졸작의 진수를 기록하려 한 듯. 한마디로 진상 ㅋㅋㅋ 그나마 마블리 보는 맛으로 보다가 .. ,1
아이리시맨,너무 길고 지루함 사람들도 헷갈리고,7
올드,나만 재밌었음..? 원래 이렇게 현실자각하고 보면 안되는 영화는 기대 안하고 보는데 전혀 예상못한 결말이라 감명받았음 결말은 일본 마루타가 생각남 ,10
앵커,"의미심장한 메시지를 남기는, 무겁지만 외면할 수 없는 영화",10
쿠폰의 여왕,내용은 예상에서 크게 벗어나지 않으나 가끔 나오는 웃음 포인트가 재미를 선사한다.,7
신비한 동물들과 덤블도어의 비밀,해덕이라면 재밌게볼듯,10
푸른 호수,"과거 국제 입양의 헛점이 지금도 고통을 주고 있음을 알게 해준 영화입니다. 연기, 스토리 모두 일품이네요. 전감독님 연기 너무 잘해요. 예전 차인표쌤과 나온 영화에서 교포 연기 했던 분이었다니 .. 역시나 싶어요. ",10
말할 수 없는 비밀,"과거에도, 현재도, 미래에도 10점인 나의 전무후무한 인생영화",10
지니어스,가끔 천재성을 가진 친구를 하나정도 알고있었으면 좋겠다는 생각을 해봤다. 왜냐구? 독특하잖아. 그런데 둘은 싫다. 왜냐구? 골치아파~ ㅎㅎㅎ,8
내가 처음으로 사랑한 소녀,"퀴어영화에 뭘 더 바라는가?그들의 사랑이 순간 아름다웠으면 됐지, 사실 그게 전부다. 우리는 한순간으로 하루를 살아가고 다시 또 그게 모여서 추억이 된다.여러 감정에 휘둘려 다니지 말고 한가지 감정에 집중하자, 그것만으로 만족하며 살아가야 한다.",10
신비한 동물들과 덤블도어의 비밀,호그와트가 나오는데 너무 좋았음 ㅠㅠ 동물들도 귀엽고!,10
니 부모 얼굴이 보고 싶다,보고 피해자 생각에 마음이 아팠습니다…,10
서울괴담,죄다애매하고 중간에 끊긴느낌 빨간귀신이 벽타고올라갈때부터 뭔가 잘못됨을 느낌,2
분노의 질주: 더 얼티메이트,7편에서 끝났어야 했다.. 이젠 나락릐 길로 가는군.. 내가 알던 분질은 없어졌다..,5
그린 북,가슴이먹먹합니다늦게나마 볼수있게되어 영광인 작품입니다,10
샹치와 텐 링즈의 전설,영상미가 너무좋아서 놀랐고 디즈니플러스로 이터널스보면서 이게뭐지...하다가 바로 샹치보니까 타격감좋은 액션과 몇인물에 포커싱된 몰입감이 좋았어요!보고난 감상으로 7점대는 절대 아닌거 같고 10점만점으로 아쉬운점이 없다고 할순없지만 평점이 너무 너프당해있는거같아서 10점 남기고 가요!간만에 재밌게 영화봣네요 ㅎㅎㅎㅎ,10
앵커,오랜만에 재미있게 본 영화입니다. ,10
킹스맨: 골든 서클,이게 영화인가? 허무맹랑한 쓰레기 영화.,1
푸른 호수,어제 궁금한 이야기 Y에서 보았던 분 이야기와 비슷해서 가슴 먹먹하면서 보게 되었네요. 추방되어 한국에 와도 정착하지 못하고 떠돌이 생활을 해야하는 미국 시민권 없는 이민자의 가슴 아픈 사연 잘 봤습니다. ,10
말모이,정말감사합니다.저희말을지켜주셔서고맙습니다감사합니다우리모두 잊지말길바랍니다,10
니 부모 얼굴이 보고 싶다,자식은 부모의 거울이다.,6
서울괴담,공포영화를 보면서 놀래지 않았던 적은 처음인 영화 ,1
더 배트맨,진짜 배트맨 영화. 그 어둡고 우울한 분위기 그게 진짜 배트맨이지.,10
소녀가 소녀에게,이렇게 이쁜 여주가 왕따라니...세상이 미쳐돌아가네 순수함의 결정체 같이 생긴애가 왕따 ㄷㄷ,10
쟈니 잉글리쉬,"저 보는거 같아서 엄청 웃었네요. 떨어지는 외향감각(se)ㅋㅋ. Se장착한 인싸들 동경하고 따라하다 잘했다 싶음 금방 콧대올라갔다가  바로바로 주변상황 못읽어서 길잃고 사람잘못보고 물건떨어뜨리는 등 칠칠치못한 사고치고 말만 청산유수요 실용성없는 지식은 또 이렇게 많이 알고있는지. 위급상황시마다 겸손하고 충실한 isfj부하직원에게 도움받음ㅋㅋ근데 미스터빈에서도였지만 운전하나는 기가막히게 함 ㅋㅋ인팁엔팁들은 다 보시길. 형식과 권위에 치중하는 영국을 풍자하기도 하고  영국식 유머, 프랑스 욕하면서 여행은 프랑스로 가는 영국인의 위선을 꼬집기도.. 볼만해요 ㅋㅋㅋ ",10
굿모닝 에브리원,그냥 당 떨어질때 단거 먹듯이 의욕 떨어지고 기죽을때 보는 영화. 레이첼처럼 상콤발랄하고 에너지 주입해주는 영화!,10
나의 촛불,"시대착오적인 영화도 아닌, 다큐도 아닌 선전물이 또 나와부렸어",1
오아시스,남들  눈에는 못마땅하고 모자란 것 투성일지라도 서로에게는 완벽한 사랑,8
앵커,사회적 문제를 적절히 다룬듯..재밌었다영화관에 나 혼자만 있어서 무서워ㅛ름 ㅎ,10
니 부모 얼굴이 보고 싶다,완벽한 피해자가 아닌 결국 가해자,7
신비한 동물들과 덤블도어의 비밀,지루함. 재미없음. 돈 아까움.,2
히즈 올 댓,미국의 mz세대 스토리 ..근데 남주가 알라딘 남주랑 유세윤 닮아서 동일인인 줄 알았는데 아니네 ㅋㅋㅋ,6
제8일의 밤,지루하지 않게 잘 봤습니다,10
서울괴담,개노잼 저 무서운것 ㄹㅇ 못 보는데 계속 눈떠서 본 영화는 이게 처음임 정말러닝타임 쓸데없이 길어서 언제 끝나나하고 쳐다봄 중간에 나간 사람들이 승리자임 진짜 공짜로 본 건데도 돈 아깝다 생각듬^^ 다 최악인데 감상포인트라고 할 게 있나...,1
이웃사촌,김대중 혼외자는 영화로 안나오냐?,1
야차,"으아.. 재미없어....아니 사람이 몇이 나오는데 캐릭터가 어떻게 이렇게 똑같을 수가 있죠? 다들 적당히 진지하고 목소리 톤도 적당히 다 똑같고.. 여자 남자 생긴것만 다르지 다 같은 사람이네요. 그 와중에 장첸도 보이네요. 겉만 따라하면 뭐합니까. 이 답답함을 뚫어 줄 출구가 없어요. 머리 아픕니다. 사람 잡아먹는 흉악하고 사나운 귀신.. 종잡을 수 없는 시한 폭탄 같은 인물.. 대사로만 캐릭터 줄줄 설명하면 뭐 하나요. 외적으로나 캐릭터로나 그냥 주인공이 한국 형사라 해도 이렇게하고 나올거 같네요. 야차라는 별명이 부끄러울 정돕니다. 감독님이 배우들 무조건 중간톤으로 천천히 읇조리라고 강요하셨나요? 아님 배우들 단합력이 이런 난국을 만든 건가요. 자극적이라는게 아닙니다. 사람이, 표현이, 대사, 말투가 너무 다 똑같아요. 차라리 책으로 읽었으면 상상력으로 그릴 수나 있지 영화가 너무 갖혀있고 답답했어요. 이수경 배우는 진짜 연기를 사랑하시네요. 그래도 줄줄줄 설명 대사에서는 정말 배우님이라도 난감했겠어요. ",1
007 노 타임 투 다이,작품성에 주는 점수가 아닌 제임스 본드에게 주는 그리고 다니엘에게 주는 감사함이다. 누구에게나 끝은 있다 ,10
니 부모 얼굴이 보고 싶다,이시대에 꼭 봐야할 영화입니다!,10
웨이트: 감각에 눈뜰 때,자연이 예뻐서 보는 내내 자연 힐링. 여자는 같은 여자지만 도저히 이해가 안감,2
서울괴담,진짜 왠만하면 영화 다보고 나오는데 3류 B급보다 못한 개연성 1도없는 시나리오 보다 유치하고 시간아까워 30분 안되서 바로나왔습니다ㅋㅋ 돈아깝네요 안본눈삽니다 진심,1
꽃다발 같은 사랑을 했다,"낭만에 현실이 들어올 때, 마음을 지킬 수 있도록 하자.",10
서울괴담,1점도아깝다  ㅡㅡ써글 15000원 버리구옴,1
섹시 보이즈,가벼운 인스턴트 음식같은 영화,6
장고:분노의 추적자,2시간40분가량되는 영화에 한시간 남짓 출연하는 디카프리오의 존재감이란…,8
랜드,주인공의 고통과 아픔이 너무 절절하게 느껴졌어요. 삶의 의미란 무엇인지 생각해보게 해주는 영화였습니다. ,10
링컨 차를 타는 변호사,강추입니다 꼭 보세요ㅎㅎ꿀잼꿀잼!,10
차타레 부인의 사랑,80년대에는 유명했던 영화..  국내에 개봉할때 편집심하게 했던걸로 아는데..,7
생일,우리 마음에 새겨질 2014년 4월 16일,7
니 부모 얼굴이 보고 싶다,부모의 역할을 생각하게 하는영화,10
인터스텔라,그냥 굿굿굿입니다...,10
니 부모 얼굴이 보고 싶다,모두가 꼭 보시길 바랍니다.,10
콜,본 지 시간이 많이 지났음에도 아직도 전종서님 보면 너무 무서움..연기력 갑,10
버블,눈은 즐거운데 감동은..,4
중경삼림,"한 잔의 아름다운 술, 고요한 향기, 달콤한 담배 연기와 기억, 설렘으로 가득차 있는 영화.",10
니 부모 얼굴이 보고 싶다,진짜 너무 재밌음.. 꼭보세뇨 다들,10
감쪽같은 그녀,눈물 콧물 다 흘렸네요ㅠㅠ정말 좋은 영화에요!   스토리도 괜찮고 연기도 정말 다들 잘하시고!!뭐하나 부족한게 없네요!!,10
중경삼림,최고최고최고 만년 동안 보고싶은 영화,9
약속의 네버랜드,높은 담장도 무너뜨리는 희망,6
니 부모 얼굴이 보고 싶다,진짜 너무 재미있고 또 보고싶네요 ㅠ 우연히 친구랑 보게되었는데 이렇게 재미있을줄 몰랐습니다... 마지막에 결과가 궁금증을 유발 시키고 끝나 좀 당황 스러웠지만.... 최근 본 영화 중 최고였고 학생으로써 생각이 더 많이 드는 영화였습니다! 짱!!!,10
신비한 동물들과 덤블도어의 비밀,앞 시리즈 안봤는데 재미있게 관람했어요 극적인 전개는 적었는데 판타지 면에서는 재미있었어요,7
불도저에 탄 소녀,김혜윤이란 배우를 발견하다,7
친정엄마,진짜 여친한테 눈물없다고 상관없다고 해놓고선 같이보는데 그냥 대놓고 울면서봄..,10
러브 & 드럭스,이영화가 주는 메세지가 전반부 보다 후반부로 갈수록 몰입하게 만들었음.,9
버블,일단 OST가 미침작화랑 구도도 좋음,10
하늘의 푸르름을 아는 사람이여,"잔잔하지만 재밌게 봤어요. 일상에 지쳐서 꿈을 잃어버린 30대는, 보고나서 생각이 많아질거 같아요. 우물한 개구리는 바다를 모르지만, 하늘의 푸름을 안다는 대사가 생각납니다. 평범한 30대들아 힘내자!!!",8
메멘토,현실을 왜곡하는 진실도 진실일까,8
경마장 가는 길," 나의 세대와는 맞지 않지만, 마치 INTJ와 ENFP의 연애를 보는 것 같았다. 같은 생각을 할 거라는 남배우의 오해, 다 잃고 나서야 깨닫는 본인의 무지함. 그것을 마지막 장면에서 글로 써내려서 이해한듯 한 연출까지. 공감이 부족한 자의 이해를 통한 사랑이 참 불쌍하다고 느꼈다. 나의 모습인 것 같기도 하다. 폭력성과 여성에 대한 존중은 많이 낙후 된 예전 사회의 모습을 보여주지만 개인의 가치관의 차이를 예전에도 표현했다는 것이 대단했다. 많은 연애 중 하나의 케이스라고 작가도 생각했길…… 사랑이라는 것은 이해로 하는게 아닌 서로의 경험과 존중, 그리고 정서적인 안정속 본능적인 성적 교류에서 생긴 공감 인것인가? 사랑에 대해 다시 한 번 생각해봤다. 정말 궁금한 건 이해력있는 이 남주가 나중에 누군가를 새로 만날 수 있을까 하는 것.",10
앵커,정말 쟁쟁한 배우들의 열연이 돋보이는 영화..천우희 배우님이 잘하는건 알았지만 이정도일줄이야...ㅜㅜ잘봤습니다ㅠ,10
니 부모 얼굴이 보고 싶다,뭔지  모를 찝찝함에 계속 압도됨,10
달빛 그림자,진짜  요근래 극장에서 본것중에 단연코 가장 재미없다고 말할수있습니다 감독이 무엇을 말하는지도 모르겠고 전개도 이리저리 섞고 잘라낸것도 많고 연계성이 개판입니다 고마츠 나나 얼굴볼꺼면 보세요 그거 아니면 당신의 시간을  다른곳에 소중히 쓰세요 ,1
버블,확실히 스토리는 진부한면이 있지만.. 너무 좋은 애니. 시간 아깝지않음,10
폴 프롬 그레이스,이거 실화는 아니겠죠..와 올만에 몰입하면서 잘봣네요 반전 짱짱,10
배니싱: 미제사건,"왜 이렇게 만들었지 계속 의문가는 영화, 12부작 드라마의  줄거리 보는 듯함,  소재도 괜찮고 외국배우 나오고 국내 B급이상 A급 배우도 나오는데 영화가 왜이러지?  정말 만들다가 만 듯한 영화,  감독이 망칠려고 작정한듯한 만든 영화, 이영화는 뭘까? ",1
더 배트맨,"활동을 시작한지 2년된 초기 배트맨, 로버트페틴슨 눈빛연기가. 인상적이다",10
신비한 동물들과 덤블도어의 비밀,저는 재미있게 봤습니다 !!,10
야차,어거지 반일 영화 대체 언제까지 나올라나. 전교조 586 세대들 다 늙어 죽어야 되나.,2
트루먼 쇼,영화보는내내 궁금한적도 많았으나 여튼 명작은 명작. 어떻게 이런 생각을 하지 대단,10
신비한 동물들과 덤블도어의 비밀,나름 나쁘지않았는데 평점왜이럼,8
니 부모 얼굴이 보고 싶다,완전한 피해자도 완전한 가해자도 없다. 잘못한건 뉘우칠 수 있게하기,8
회사원,재밌다..신대리 맘에 들음..ㅎㅎ,10
어드리프트:우리가 함께한 바다,영화끝나고30분동안 영화검색했네요.# 넘잼있고감동적실화라니..,10
신비한 동물들과 덤블도어의 비밀,조앤 k 롤링 작품들 덕후만 이해할 수 있는데 그 사람들이 제일 실망하는 영화,2
살인의 추억,n차 보기중입니다. 강추해요.,10
니 부모 얼굴이 보고 싶다,와이번년도영화왜다재밋냐,10
드림걸즈,영화보다 OST인 listen이 더 유명. 음악은 알지만 영화는 못본 사람이 많은데 영화도 재밌다.,9
니 부모 얼굴이 보고 싶다,뭔가 생각할 거리가 많은 영화네요.,7
서울괴담,와..내 만이천원 다시 뱉어내 이 사기꾼놈들아,1
봄날,연기는 좋으나 너무나 한정된 공간에서만 진행 해서 답답하긴 합니다,7
바람,그라믄 안대!!! 너무 재밌습니다,10
언차티드,내가 이제 나이를 먹긴했나보다... 너무 유치하고 재미도 없고 뻔한 스토리에...후..,4
앵커,처음에는 단순 공포인줄 알았으나마지막 반전과 깊은 생각/반성을 하게되는 영화였어요! ,8
언차티드,다른 영화 찍으면서  주말에 틈틈이 촬영했나...,4
맘마미아!,"스토리는 좀 약하지만,음악이 흥겹고 명작이네요~~ 오래된 영화지만 꿀잼 이에요^^",10
위대한 쇼맨,아직도 새로 개봉하고있는 영화를 보면서 이 영화를 뛰어넘는 작품은 본적이 없습니다... 간절하게 재개봉만을 기다리고있네요,10
신비한 동물들과 덤블도어의 비밀,최악 노잼 돈날림 다신안봄 c금영화,2
자객 섭은낭,정적인 분위기. 절제된 무협.,6
여름날 우리,계속 돌려보고싶은 영화. 뒷부분부터는 자꾸 눈물이 흐르네요,10
니 부모 얼굴이 보고 싶다,시간 가는줄 모르고 봤어요 과연 우리가 저 상황이어도 달랐을까.,10
서울괴담,영화스토리가 바로바로이어저서 좋았어요 개인적으로는 귀신보다 사람이 더무섭다라는걸 알게해주는영화인거같아요,10
서울괴담,연기는 무난..초반 스토리까지는 볼만했는데 뒤로갈수록 유치하고 대충만든 느낌 ,1
부기나이트,굉장히 허술한데 그러려니 하고 보면 꽤 재밌어요 ㅋㅋㅋ 최귀화 님의 주연작이라 맘에 듭니다. ,7
니 부모 얼굴이 보고 싶다,이게 뭐냐? 진심 기승전결 다 뒤졌고 하나도 재미없다ㅈ ㅗ ㅇ 나 고고고구마태어나서 영화평 처음 써본다,1
매그놀리아,과거는 나를 잊지 않는다라는 메세지 하나,6
봄날,잔잔합니다. 주말에 혼자보기 좋은영화네요.,7
용서는 없다,상당히 수준높은 작품이다. 어째서 관객수가 이것밖에 안 됬는지...,9
더 버블,웃김ㅋㅋ 취향 차이인 듯,10
세븐틴 파워 오브 러브 : 더 무비,진짜로 애들 노래부르고 춤추는거 보고노래 따라서 부르고싶었음 애들 얼굴이 엄청 크게 나와서 좋고 재밌었음 ,10
이터널스,다들 별로라고 해서 기대 안하고 봐서 그런지 꽤 괮찮게 봤음,10
서울괴담,우오ㅓ아아어아ㅏ와 대박.,10
열대왕사,아쉬운 후반 전개와 주제가(?)가 선정된 의도를 이해하기 힘든것 제외하고는 괜찮았어요,7
서울괴담,사운드 몰입감은 역대급인데 스토리도 그렇고 후반가면 너무 억지로 끼워맞춘 엔딩 + 뇌절 영화관 오늘 갔는데 좌석 꽉 찼었는데 중간에 60% 관객들 나갔더라,1
더 퍼지:거리의 반란,1편에 비해 많이 발전한 영화. 이정도면 B급영화로서 모든 것을 갖춘 영화임. 2편이 기대이상이라서 3편을 보기로 결정한 나는 처절한 후회를 하게 되는데.,7
더 배트맨,아... 정말 기대 많이 했었는데 기대 이하네요~ 지루하고 재미없었습니다 DC 영화는 이제 안봐야 겠습니다!,4
서울괴담,현우야 데뷔 축하한다!! 넷플릭스에도 나오면 좋겠다,6
니 부모 얼굴이 보고 싶다,배우들이 시놉 사기를 당한건지.. 연출이 너무 엉망진창임 연출이 이랬다저랬다 나름 반전을 주고 싶었던것같은데  학폭위 수사도 하나도 제대로 이루어진것도 없고 가해자 핸드폰도 조사도 안해봄? 배우들 연기가 아까움,4
언노운,너무 스토리의 개연성이 부족하네요.병원에서 간호사등을 목을 살짝 돌려서 맘대로 죽이던 사람이 택시 기사 지나는 목을 살짝돌려서 죽이지 않고계단으로 내려가던 지코는 또 왜 죽어있어..ㅎㅎㅎ집안을 다 부수는데 밖에있던 특수훈련받은 암살자는 문만 살짝 열어본후 나가고..뭐 계속 보다보면 숨막힐 정도로 연출이 엉망인 영화..,4
고스팅 글로리아,가볍게 웃으면서 볼만한 영화 ㅎㅎ 처음부터 흩뿌려진 많은 이야기를 모두 정리하고 끝내서 시원!,8
앰뷸런스,우리가 마이클베이 감독 영화에서 기대하는 것을 충분이 느낄 수 있음. 엔딩에 신파? 뭐 어쩌겠어. 마이클베이 영화인걸...아마 감독도 그렇게 끝내지 않고선 개운치 않을 듯.ㅋㅋㅋ,9
니 부모 얼굴이 보고 싶다,영화보다 더 잔혹한 현실에 씁쓸함이 밀려온다..,7
서울괴담,솔직히 진짜 공포영화치고 하나도 안 무섭고 오히려 잠이 왔어요… 근데 방탈출편은 나름 재미있었음 주학년씨 잘생겼습니다 그래도 눈호강했으니… 주학년씨 사랑합니다,7
패러렐 마더스,"모르면 답답하고, 알면 어려운 영화였다.",7
바후발리: 더 비기닝,"반지의 제왕을 꿈꾸는 인도산 근육질 콧수염 아재의 일대기... 전쟁씬 빼곤 별로... 군무와 인도식 뮤지컬, 국뽕끼로 범벅된 인도호빗. ",4
앵커,여성아나운서가 교체되는 동안 남자 아나운서는 한번도 교체되지 않았다 ,10
스켈리톤 키,재미도없고 공포도없고 신선도 없고..,6
노바디 ,충분히 재밌어요 뻔하면 뻔하지만 여러모로 재밌습니다 ,10
영희,여주인공 진심 이쁘네요 크게 될듯~,10
신비한 동물들과 덤블도어의 비밀,매즈 미켈슨 데랴다놓고 너무 스토리 구리게 전개함 아쉬움이 많지만 그나마 2편보다는 나앗음.... 그치만 여전히 기승전결도없고 밋밋하고 지루함,4
앵커,슬픈스릴러 반전 천우희의 연기가 돋보이고 엄마의 욕심에서 비롯된..,10
"틱, 틱... 붐!",뮤지컬 영화로서의 완성도는 9.0~9.5점앤드류 가필드를 비롯한 출연진들의 연기와 노래가 흥겹게 잘 어우러진다.뮤지컬 영화를 좋아한다면 너무 자세히 알아보지 말고 바로 감상하는것을 추천~,10
로스트 시티,"이런 영화에 탄탄한 스토리를 기대하진 않았고, 산드라 블록의 개그는 여전히 빛이 난다.",8
앵커,한국사회의 짙은 그림자를 주제의식으로 담은 영화. 배우들의 연기가 돋보였다,8
중경삼림,내 장례식장에서도 틀어줬으면 하는 영화,10
니 부모 얼굴이 보고 싶다,지금도 우리 주변에서 일어나고 있는 일. ,10
고고70,처음에 기대없이 보다가 마지막엔 이걸 본 자기를 칭찬하게 된다,9
세븐틴 파워 오브 러브 : 더 무비,사운드 빵빵해서 너무 좋았습니다,10
서울괴담,저는 엄청 재미있었어요마지막 방탕출 보고 주학년 배우에게 반했습니다,10
부기나이트,난 이런거 좋아~ ㅋㅋㅋ,10
베놈 2: 렛 데어 비 카니지,톰 하디 연기 존잘! 베놈 커여웡 ,10
신비한 동물들과 덤블도어의 비밀,저는 생각보다 재밌게 봤어요.볼 거리가 많습니다.동물들이 많이 나오진 않았지만 큰 도움을 주더군요.,8
안나,멋진 모델 배우 눈이 호강하고 시간때우기용 볼만한 영화.  연출은 뭔가 촌스러운 느낌.,5
홍도경,내 이름이 홍도경이다....,10
내가 처음으로 사랑한 소녀,개쳐울음 나도 이런 애절한 연애감정 느껴보고싶다  나중에 vod나오면 구매의향 있습니다~~~♡♡,10
뜨거운 피, 영화 자체가 재미가 없다. 스토리가 이해가 안 감.,1
베놈 2: 렛 데어 비 카니지,"1편의 내용이 기억나지 않아도, 적당히 집중하고 보아도 무리가 없는 속편",7
로스트 시티,생각없이 보기 좋아요.기대하고 보면 실망할듯,6
스펜서,공감과 설득이 도저히 안된다.,4
뜨거운 피,우려먹을대로 우려먹은 건달사골 내용 이라 진부할거라 예상하고봤으나 한명한명 반가운 배우들의 탄탄한 사투리연기에 보는내내 지루하지않고 몰입되었던 두시간이였음. 재밌네요. ,8
이상한 나라의 수학자,폭력 좀비 히어로 물만 가득한 영화판에간만의 명작,10
노바디 ,억지스러운 전개 없이 시원한 액션만을 즐길 수 있는 영화. 킬링타임용으로 최고.,10
세븐틴 파워 오브 러브 : 더 무비,살다살다 이런 B급 공장판 아이돌도 영화 찍어 내보내네 와...,1
1급기밀,자칫 어설프게 만들면 지루해질 수 있는 스토리를 아주 기가막히게 몰입감을 끌어낸 것에 박수...,9
서울괴담,아니 아까 나만 무서웠나?좀 허술한느낌이긴한데 분명 무서웠음 나는워낙 겁이 완전완전완전 많아서...그런걸수도있는데 난소리질렀음 몇번이나...내가 소리지르니까 남편이 손꽉잡아줌 ,6
니 부모 얼굴이 보고 싶다,재미없어요.. 결말은 무슨 만들다가 만 느낌..,2
니 부모 얼굴이 보고 싶다,"연기력, 연출력은 만족스러웠고 재미도 있었지만 스토리 전개가 작위적이다.마지막 반전은 너무 뜬금포였다. 그렇다고 반전이 없었으면 너무 뻔한 스토리. 작품성이 매우 높지는 않은 것 같다",8
신비한 동물들과 덤블도어의 비밀,뭔가 무속신앙의 한 장면을 본듯한 느낌이다. 현실 사회에서 리더를 뽑는데 무속이 끼어들면 안되는 이유를 알 수 있게 하는 영화다,5
니 부모 얼굴이 보고 싶다,너무 재미없어요...,1
쿠폰의 여왕,유독 예쁜분이 비비 렉사였구나. 폴 연기 잘하셔요♡ 퇴근후 아무도 없는 집에서 불도 안켜고 쇼파에 앉아 TV 보는 사람의 성격 묘사ㅠㅠ 혼자 살아도 힘내요!,6
365일: 오늘,진심 일점도 아까움. 야동도 아니고,1
너의 결혼식,여운이 오래 가요 저에게는 여러 번 봐도 감정이 오는 영화입니당 ,10
니 부모 얼굴이 보고 싶다,괜히 봤어요. 기분이 정말 안 좋아지는영화..,1
중경삼림,"고양 스타필드 내 상영관이 넓어서 더욱 좋았고한번은 보고 싶었던 영화였는데, 이번에 볼 수 있어서 좋았음.",10
영희,영화를 보고있는네네 배우 기은수(영희)를 보고있자면 나도 모르게미소짓게 되는 영화 ,10
이상한 나라의 수학자,"그냥 영화적 재미나, 극적인 상황도 없고 . . 그럭저럭 . . . 최민식의 연기만 보인다. . .",7
신비한 동물들과 덤블도어의 비밀,내가 오늘 안 덤블도어의 비밀(?) :덤블도어는 게이다(??),10
노아,미신에 정신나간 개독이 얼마나 위험한 존재인지 알려주는 교육영화,10
찍히면 죽는다,싸구려 슬래셔 영화 보는 재미는 있다. 못 만들어서 낄낄대면서 볼 수 있는 그런 재미.,5
니 부모 얼굴이 보고 싶다,진짜 인생 최악의 영화 입니다 ,1
니 부모 얼굴이 보고 싶다,나름 반전스토리 연출하신거 같은덕 별로 수박 겉핥기식으로다아는 뻔한 이야기...문소리님 피해자엄마역 진짜 별감동없음,6
서울괴담,2022년을 보내는 동안 가장 아까운 시간이었습니다.,1
봄날,봄날이란 가면 쓴 겨울날,5
니 부모 얼굴이 보고 싶다,스토리가 탄탄하지 않은 느낌...뭔가 애매하고 그저그럼...,6
점쟁이들,코미디영화인데 웃기면 됐지!,8
더 컨트랙터,시간내내 긴장감을 늦추지 않고 재밌게 봤다. 액션속에서 미국을 지탱하게 하는 중요한 가족애를 엿볼수 있었다. ,10
추억의 마니,감동적이에여 추천해요,10
파수꾼,별내용 없는데 남는 감정이 많은 작품,10
서울괴담,진짜 역대급 재미없다 진짜 리뷰  처음 써봄 보다가 중간에 나옴.,1
니 부모 얼굴이 보고 싶다,너무 안타까운 현실이자 적나라한 인간의 죄성이네요....ㅠㅠ,10
니 부모 얼굴이 보고 싶다,그냥 그랫어요....,6
신비한 동물들과 덤블도어의 비밀,"신비한 동물이 너무 적게 나오고, 뉴트가 제로투 추는 게 웃겨요",5
블라인드 멜로디,재밌음 킬링타임용 영화,10
신비한 동물들과 덤블도어의 비밀,큰기대 안하고 보면 1&amp;2편보다 더 재밌게 볼 수 있어요!,10
이상한 나라의 수학자,너무 잘 봤습니다!! 너무 감동적이에여,10
여름 이야기,"욕망들의 엇갈림. 저렇게 프랑스에서는 구구절절 변명에 변덕부리면서 구속하고 구속당하면서까지 자기욕망의 표출이 중요하구나 라는걸 깨달으면서 한국의 홍상수 영화를 볼때 뭔가 어색했던 부분이 퍼즐이 맞춰진 느낌이 들었다. 프랑스어를 못 알아듣는지라 대사 하나하나의 시니시즘이나 뉘앙스를 100퍼 깨닫지 못해, 졸리는 부분도 있었다. 노스탈지아에 젖어있는듯한 고전 영화의 정사각형의 비율 및 인물과 카메라의 동선들. 정적이고 치밀한 미장센. 파스텔톤 이쁜 색감의 레트로 감성이 기억에 남는다. 다만 예쁜 풍경과 색감때문에 가벼운 마음으로 감상하기에는 복잡 미묘하고 말 많은 프랑스스러운 정서… ",6
불도저에 탄 소녀,주인공 너무 멋집니다.이런 주인공이 많아지면사회가 좀 더 정의롭게변할 거라 생각합니다.,10
글래디에이터,어렸을때보고 새로봤더니 완전 새로운 영화다 이건 10점으로도 부족하다,10
돈 룩 업,"혜성을 SF적인 요소가 아닌 극중에 장치로서 활용하는데, 이를 통해서 조선시대의 당파싸움마냥 문제해결보다는 서로 갈라져서 자신의 주장이 옳음을 주장하는 인류를 보여준다. 사실 &amp;#39;혜성충돌&amp;#39; 이라는 장치는 굳이 혜성이 아니라 다른것이어도 대략적인 흐름에는 큰변화가 없을것이나, 전인류의 멸망이라는 가장 심각한 문제를 야기하는 장치인 &amp;#39;혜성충돌&amp;#39; 을 극중에 사용함으로서 &amp;#39;이런 상황인데도 서로 갈라져서 싸워?&amp;#39; 라는 생각이 들게끔한다. 여러모로 많은 생각을 갖게하는 영화였으며 호화스러운 캐스팅과 특급 까메오들, 틈틈히 나오는 유머들로 인해 보는 재미 또한 선사한 돈룩업 잘봤습니다.",8
니 부모 얼굴이 보고 싶다,한번쯤 생각해봤을 문제에 새로운 시선을 더하다. ,8
살인소설,지현우 웅얼거리고 연기 안되고 미스캐스팅이네요.,6
스텔라,"코미디도 딱히 없고 스토리도 답답하고,,돈많으시고 호기심있으시면 보세요,,",1
신비한 동물들과 덤블도어의 비밀,전갈과 동조 말곤 없음 보지마,3
맘마미아!,"스토리 구성은 단순, 아바의 노래가 거의 다 살린 영화",7
신비한 동물들과 덤블도어의 비밀,진짜 개역겹다 제발 보지마세요,1
달빛 그림자,달빛이 우수수 내린다,5
신비한 동물들과 덤블도어의 비밀,재미있었어요!,10
보이스,왜 이제서야 봣는지ㅜㅜ넘 잘만든 영화,10
야차,오락에 충실한 헐리웃 스타일 액션물,10
세븐틴 파워 오브 러브 : 더 무비,춤추고 싶은거 참느라 힘들었습니다이미 3번을 본 공연이지만 영화관에서 보니 또 다르네요 평캐평캐…,10
더 배트맨,화려한 액션 히어로가 아닌 탐정 배트맨... 새로운 정체성의 도입은 의미있어 보이나... 굳이 이렇게 지루하게 길게 만들 필요기 있었을까...,6
더 배트맨,화려한 액션 히어로가 아닌 탐정 배트맨... 새로운 정체성의 도입은 의미있어 보이나... 굳이 이렇게 지루하게 길게 만들 필요기 있었을까...,6
노랑머리,하... 10R 아니 상은 왜 받았나 혹시나 궁금해서 봤는데 진짜 뭣 하고 자빠졌냐...,1
니 부모 얼굴이 보고 싶다,답답하고 안타까움 ….,8
니 부모 얼굴이 보고 싶다,잘봤어요,9
이상한 나라의 수학자,"평점이 왜 낮은지 이해가 안가네요..남북의 현실적인 문제 속에서도 인간적 관계미를 아름답게 풀어낸 거 같아요..수학이라는 소재가 이렇게 감동적이고 다시 한번 더 생각할 수  있는 것으로 다가오다니 너무 재미있었고, 무엇보다 최민식 배우님의 연기가 너무 훌륭했습니다..정말 여러가지를 생각하게 하면서도 감동적인 영화였어요~^^",10
중경삼림,페이 왕 귀엽다근데 큰 댕댕남이 찌그러져 앉아잇는것도 좋네요,9
소설가의 영화,이혜영 배우님 사랑합니다,7
그것,넷플릭스 기묘한 이야기  피에로편을 보는 느낌.내용은 완전 다른데 아이들이 투닥거리며 두려움에 맞서서 싸우고 성장해나가고 풋풋한 로맨스도 있어서 비슷한 느낌을 받았다. 재밌었음. 우리나라 정서상 공포를 느끼진 못할듯.,8
중경삼림,지금 봐도 스타일리시하다,8
봄날,장례식장을 도박판으로 바꾸다니..참신하고 후반으로갈수록 감동이 있다. 배우들의 연기력은 역시나최고!  코시국 이후에 간만에 잼께본 영화다.,10
국도극장,이동휘 참좋아해서 본영환데작가? 감독? 이분들 전라도한번도 안가보신분들일까요? 사투리엉성하고  엄마를 엄니라고부르는데 요즘에 누가그리부릅니깐조사좀하고 연구좀하고 글을쓰든가 작품을만들던가합시다,6
서울괴담,에이씨 볼만하면 끝나네뭔 스토리도 없고 귀신나오고 갑자기 다 죽어!!!!아이돌 나오는 영화다? 걸러야지,2
스텔라,아니 이걸 영화라고 만든사람이나 시키는대로 하는 배우나   어이가 없네 진짜,2
스펜서,크리스틴이 이렇게 연기를 잘했었나? 라는 생각과 보는 내내 숨막혀서 죽을듯 싶었다.우울할때는 절대 보지 말기를 추천한다. 개인적으로 조커보다 더 우울하고 더 궁지로 몰아세운다..왜 다이애나비의 마지막이 그랬는지를 알것 같다.,8
스펜서,크리스틴이 이렇게 연기를 잘했었나? 라는 생각과 보는 내내 숨막혀서 죽을듯 싶었다.우울할때는 절대 보지 말기를 추천한다. 개인적으로 조커보다 더 우울하고 더 궁지로 몰아세운다..왜 다이애나비의 마지막이 그랬는지를 알것 같다.,8
스펜서,크리스틴이 이렇게 연기를 잘했었나? 라는 생각과 보는 내내 숨막혀서 죽을듯 싶었다.우울할때는 절대 보지 말기를 추천한다. 개인적으로 조커보다 더 우울하고 더 궁지로 몰아세운다..왜 다이애나비의 마지막이 그랬는지를 알것 같다.,8
캐롤,"그러하게, 이미 실망한 그들처럼 만드는 방법은 아주 쉽다. 첫번째. 무엇이든 어머니를 들먹이면 된다. 내 인생은 없이 말이다. 두번째. 그들의 의사를 무시하면 된다. 놓아줄대로 놓아준다는 것은?",10
탑건,영화는 재밌는데 유튜브 프로파일럿에서 파일럿이 직접 탑건에 나오는 교전 설명해주는 거 봐야 영화 볼 때 지금 무슨 상황인지 이해할 수 있음ㅋㅋ 매버릭이 위기와 절망을 겪었으나 어떻게 이를 극복하고 영웅이 되었는지 지켜보는 게 포인트. 젊고 능력 있고 야망 넘치고 자존심 강한 사람들의 활기? 도 영화에서 엿볼 수 있음 넘 멋짐 ㅋ,10
이상한 나라의 수학자,마지막 급전개보고 왜 망한지 알겠더라,8
랑종,전형적인 B급 영화. 대충 휘갈긴 시나리오와 결국 후반부에 본인들의 발목을 잡은 연출기법 .. 주제의식에도 전개에도 아무런 의미없는 뜬금없는 섹스신과 뜬금없는 함만져봐.. 감독의 욕구를 채우기 위한 영화 그 이상도 이하도 아닌,2
버블,"연출 , ost 완벽함. 흥분하는걸 막았다고 버블이 없어진것도 아니고, 근데 또 공사는 하고있고.. 재미는 있었으나 역시나 결말이 일본했다.",8
경계선,인간의 추악한 비인간성의 미세먼지 경계선을 뚫고 들어오는 &amp;lt;경계선&amp;gt;의 맑은 숲,9
니 부모 얼굴이 보고 싶다,너무 스토리가 이해하기 쉽게 넣은거 같아서 감명 깊게 보고 너무 스릴 있으면서도 슬프게 보면서 재밌게 봤던거 같아뒷 이야기를 보면 호숫가에 혼자가 아니라 한명이 더 있었다는걸 그리고 드론을 왜 장한결 가지고 있는 이유도 안다,10
로스트 시티,1점도 아까워요 정말 보지마세오,2
교실 안의 야크,"와, 학교까지 가는데 강을 따라 가볍게 걸어서 6일 걸린다고 하면서 보이는 저 태평함. 근데 강은 안보이고 산길에 계곡에... 가다가 영화 끝날 듯.",9
더 킹,미래를 예언 한 영화였네요 ㄷㄷㄷ,10
올드 가드,각본은 별론데 연기력으로 다 해먹은 영화. 킬링타임용 으로 매우 적합한 듯. 샤를리즈 테론은 여전히 멋쁘네 ,8
극장판 귀멸의 칼날: 무한열차편,귀칼안본 사람도 재밌게 볼 수 있음,10
황야의 결투,&amp;#39;My Darling Clementine&amp;#39;과 함께 말을 타고 쓸쓸히 마을을 떠나는 뒷모습이 한없이 외로운 시대의 상징처럼 다가온다,10
당신얼굴 앞에서,홍상수 이혜영 왜 이제서야 만났을까,9
어벤져스: 인피니티 워,아이언맨에게 왜 늘 고통만을 주는지..,10
더 배트맨,"콜린 파렐이 언제 나왔지?했는데,펭귄ㅎ..분장상 말고는 대부분의 캐릭터들이 뭔가 미스캐스팅인듯한 어설픔이 보여서 아쉬웠음.캣우먼도 역대 최악이고..",6
서울괴담,뭔가 똥싸다 만 느낌이네요 ,5
니 부모 얼굴이 보고 싶다,"연기는 다 잘하는데 결말이 학폭에 관한것만 자세하게 얘기하고 가해자가 처벌받거나 그런거는 별 내용도 없고 ,, 재미는 있었는데 그냥그래요",8
신비한 동물들과 덤블도어의 비밀,덤블도어의 비밀이 Gay라는 것인가요?,6
서울괴담,노잼임 ㄹㅇ 근데 배우들이 예쁘고 잘생김,1
서울괴담,진짜 하고싶은말이 너무 많다… 너무 극혐,1
신비한 동물들과 덤블도어의 비밀,정말 최고였습니다. 평점이 왜 낮은지 이해가 안되네요. 감동도 재미도 다 잡았다고 생각하고 개연성이 없다하는데 어느 부분이 없다는지 모르겠네요. 전편보다 훨씬 좋았습니다! 조니뎁에서 바뀐 거 너무 잘한 결정이네요. 연기도 나타내고자 하는 캐릭터도 훨씬 잘 보였어요. 아 해덕은 꼭 보시길 !!,10
신비한 동물들과 덤블도어의 비밀,영화관에서 보는거 추천,10
포레스트 검프,명작 감동 최고입니다!,10
니 부모 얼굴이 보고 싶다,"생각없이 여와화만보다,   깊은생각이들고 사회문제를 어필하는영화",10
타임 머신,갑자기 장르가 바뀌는 영화,6
야차,긴장감이 뒤로 가면 갈수록 떨어집니다. 스토리라인 자체도 자연스럽지 못하고 무엇보다 주인공 검사 캐릭터가 너무 비현실적이라 몰입을 방해하네요. 정의? 법과 원칙? 영화보다가 영화와 관계없이 계속 코웃음이 나온다는. ,6
니 부모 얼굴이 보고 싶다,평점에 알바가 너무 많은 듯. 초반부에는 좀 그럴싸했는데 중후반부로 갈수록 대~충 생략된 부분이 너무 많음. 제일 중요한 부분도 많이 생략된 것 같고 ,4
서울괴담,내용이 생각보다 재밌음라고할뻔노잼,1
서울괴담,무섭기보다는 쫌 징그러워요,4
트루먼 쇼,걍 개띵작 아직 안 본 사람이 있나,10
신비한 동물들과 덤블도어의 비밀,007 시리즈를 보고 나온 것 같아요,6
니 부모 얼굴이 보고 싶다,정말 감독 얼굴이 보고 싶다,1
몬스터 아카데미,정말 재미 없어요. 아이가 무서워 했습니다.,1
똘똘이 소강시,30년도 훨씬 넘은 영화치고 스토리도 재밌고 잘 만든 영화같아요.,10
야차,개재밌게 봤음!! 평점보고 놀라서 오랜만에 평점쓰네요. 진짜 댓글알바라는 게 있나 싶다.ㅋ,10
신비한 동물들과 덤블도어의 비밀,전편의 장엄함과 웅장한 전투씬은도 사라지고 신기한 동물들의 기상천외하고도 익살스러운 모습도 사라지고 인문들에 치중하다보니 이렇게 지루할수가없다,6
공기살인,재난영화 좋아해서 기대했는데 억지느낌이 강하고 흐름이 좀 이상했던거같아요 감동보단 오글거려서 보기 힘들었음 이런 소재를 영화로 만든것은 좋았음. ,1
서울괴담,ㄹㅇ 개노잼 개노잼개노잼개노잼,1
로스트 시티,재밌고 유쾌함,6
인질,???  그냥  재미없음쩝,2
니 부모 얼굴이 보고 싶다,입닥쳐지는 영화!!!,10
야차,발매일만 2020년대...반일팔이 및 개연성 제로의 스토리는 1990년대...이딴 걸 넷플릭스에 올리다니 부끄럽다.,1
바람계곡의 나우시카,진정한 사랑이란 무언가를 말해주는 듯한 작품..이기적인 나 자신을 되돌아보게 되는 인생 명작,10
서울괴담,내 마넌 돌려줘... 에휴 정말,1
스텔라,"건달한테 쳐맞는 유도선수, 스텔라보다 못한 렉서스. 뭔생각으로 만든 영화인지",1
스텔라,손호준같은 전라도 사람을 쓰니 그렇죠 차라리 허성태 배우님이 주연했음 ㅍㅌ는 쳤겟네,1
극장판 주술회전 0,진짜 주술회전 감독 한국인이라 자랑스럽다 ;;,9
올드,요즘 시나리오로 조지는 이런영화 잘없죠 잘만들었음,8
니 부모 얼굴이 보고 싶다,배우들 연기 최고.. 진심 영화 몰입도 최고였고 다 재밌게 봤는데… 재판씬이 좀 아쉬웠음 결말도 좀 뭐랄까 시원한 결말은 아닌 듯 뭔가 영화 보다가 중간에 나온 기분이었음 ,8
광대: 소리꾼,다시 개봉하면 좋겠네요~,10
니 부모 얼굴이 보고 싶다,나름괜츈 연기력 좋았음요,10
야차,너무 재밌어요연기구멍 하나없어요,10
신비한 동물들과 덤블도어의 비밀,"해리포터 팬으로써, 신비한 동물사전 팬으로써 재밌게 본 작품. 140분이라는 러닝타임에도 지루하게 느껴지지않았다",10
니 부모 얼굴이 보고 싶다,진짜 결말이 너무 마음에 안들어요 학교폭력은 반드시 없어져야 합니다!!,10
니 부모 얼굴이 보고 싶다,예상한데로의 영화인데...무겁게 전달 되네요.,10
호우시절,인생에서 가장 사랑하는 사람과 함께 이 영화를 보고 싶다. 진정한 사랑의 의미를 알려주는 영화. 잘 보았습니다!,10
내 사랑,잔잔하고 먹먹하고 사랑과 감동이 있어요..,10
만춘,결혼하기전에 봐야할 영화,7
스펜서,허례허식 속에 갖혀 고통받는 영혼,7
신비한 동물들과 덤블도어의 비밀,보는 내내 재미있었어요 동물들도 많이 나오고 마법도 많이 나와서 좋았어요 충분히 영화관에서 볼만했어요~,10
스파이더맨: 노 웨이 홈,솔직히 엔드게임까지는 좀 장비빨도 많고 그래서 내가 원래 알던 스파이더맨 맞나 싶었는데 이번에는 좀 본연의 모습을 찾아가서 좋았고 스토리는 솔직히 그냥 평범하지만 팬서비스가 좋았음 마지막에 솔직히 스파이더맨 본인이 다 감수해서 좀 안타깝긴했는데 닥스가 진행하던거 놔두면 아무 문제도 안생겼는데 본인이 자초한 일은 본인이 감수하게된듯 ,9
버블,결말이 맘에 안들지만! 스토리 ost 다 좋네요ㅜ,10
플랜맨,ㅡ 극중 한 지민님의 유 소정역!  딱! 완전  제 이상형 입니다!♡♡,8
뮤지컬 킹키부츠 라이브,킹키부츠 외국영화 재미있어요 뮤지컬 그리고 외국배우멋있고 너무나도 웃겼어요,10
신비한 동물들과 덤블도어의 비밀,다음 시즌으로 갈수록 스토리가 늘어지는 느낌이 들었음,8
니 부모 얼굴이 보고 싶다,연기는 모두 좋았고 스토리가 조금 아쉬웠음,7
모비우스,액션신 나쁘지 않았고 초반까지는 볼만한데 주인공이 감옥에 갇히고나서부터 문제임 마일로가 그냥 주인공이 병고친거 부러운거 하나로 바로 자신도 흡혈귀되고 주인공이랑 대립하는데 캐릭터 설명이 부족함 그리고 주인공은 마일로랑 제대로된 의견대립도 없이 싸우기만하고 그냥 마일로는 서사따위는 개나줘버림 그리고 엔딩크레딧에서 벌쳐등장하는데 갑지기 닥스가 어떤실수를 했기에  등장한거고 수트는 갑자기 어떻게 구했는데지 안나오고 주인공이랑 만남 그냥 소니는 영화그만만들어야할듯 배놈도 스토리가 개연성 말아먹은듯이 이 영화도 개연성 말아먹은거보면 진짜 필요한설명은 다 짤라먹고,1
플립,나무를 베지말아주세요 제발...그때 같이울었어 몰라그냥 왜이렇게눈물이나지? ㅜ,10
니 부모 얼굴이 보고 싶다,연기의 달인들이 부족한 연출을 커버친 영화. 공정과 상식은 자기 가족과 측근에게는 다른 잣대를 들이대는 순간 거짓말이 된다. ,8
365일: 오늘,"시간 낭비, 야한 뮤직비디오도 아니고 음악만 시도때도 없이 나옴",2
니 부모 얼굴이 보고 싶다,진짜 역대급으로 재밌었고 소름돋는 영화였다.,10
PMC: 더 벙커,절대 보지 마세요. 진짜 시간 아까워요. 쿠팡플레이 올라와서 봤더니 너무 재미가 없네요. 개연성도 많이 떨어지구요. 말이 안 되는 장면이 너무나도 많아요.,1
니 부모 얼굴이 보고 싶다,오달수때문에 보기싫었으나 천우희문소리설경구때문에 참고 봄 뉴스만 봐도 화나는 일이 많아서 굳이 이런 영화 보고 화내고싶지않았는데 소비해야 문제점이 드러나고 이목을 끌 것 같아서 보게 됨,8
혼자 사는 사람들,관계에 대한 두려움을 극복하고 용서하며 용서를 구하는 것. 혼자여도 괜찮은 척하는 외면의 껍데기를 깨고 세상에 나오는 것이 좀 더 나은 삶을 위한 자세가 아닐까 생각해본다.,10
나이트메어 앨리,끝이 무서움  ㅠ  ㅠ  전 비추천,8
서울괴담,중간에 나옴 사람들 다 증발ㅋ,1
카멜롯의 전설,리처드 기어사랑입니다,10
신비한 동물들과 덤블도어의 비밀,초심을 찾길,5
서울괴담,마네킹편은 정말 코미디였습니다.,2
니 부모 얼굴이 보고 싶다,노잼입니다 노잼입니다,1
야차,뻔한 전개 스토리  다 예상 범주내...,2
인민을 위해 복무하라,사전지식없이 전쟁영화 인가 하고 봤다가 오우.. 그래도 잘 봤습니다~,8
엔칸토: 마법의 세계,평점별론데 난 너무 감동적이게봤다. 브루노노노 노래도 너무좋았음,10
하늘의 푸르름을 아는 사람이여," 고속버스에서 노트북으로 봤는데추하게, 꽤 많이 울어버렸다. 흔한 신파 영화를 극장에서 볼 때보다도 더 많이 울었다. 연출이 정말 훌륭하다. 각본에 비해 훨씬. 그렇다고 각본이 나쁘다는 건 아니다. 다만 특출난 장점이 되지는 못할 뿐.  개봉할 때 이 영화를 몰랐던 게 꽤 아쉽다. 재개봉할 일이 없을 거 같아서 더더욱. ",9
로스트 시티,말그대로 킬링타임.아무생각없이 멍하게 보기 좋았다,6
나부야 나부야,부모님께서 마음이 아프시대요,10
니 부모 얼굴이 보고 싶다,"배우들의 연기력에 감탄! 스토리에 약간 허술함이 있고, 연출의 몰입도는 살짝 아쉬웠다.",9
봄날,연기자들연기로 스토리까지 덮었다.볼만한드라마^^,10
에이 아이,처음으로 나를 울먹이게 만들었던 영화.  단순하지만 큰 영화.  긴 러닝타임에도 지루하지 않은 영화 ,10
서유기 2 - 선리기연,오래된 영화가  촌스럽지 않을 정도의..최고임,10
와일드 리벤지: 마지막 한 놈까지,"저가 영화가 가지는 그것만 있는 영화. Goodman이 마약 관련해서 죽은 딸의 복수극인데, bad son의 잘못을 덮으려는 bad father의 자기보호가 관련없는 사람들만 총알받이로 죽게 만든다.. 비추입니다.끝없이 펼쳐진 야자수 과수원.. 이것만 부럽부럽..천조국의 뒷골목영화",3
니 부모 얼굴이 보고 싶다,간만에 좋은영화 봤슴?연기 쩐다,10
신비한 동물들과 덤블도어의 비밀,2년만에 왔는데 처음으로 영화관에서 졸았습니다,1
문폴,"이 영화는 달과 지구의 전대미문의 키스 &amp; 부비부비 사건을 주제로 한다. 한마디로 우주적 스케일의 성추행 사건을 다루고 있지만 그럼에도 불구하고 이 영화는 우리에게 우주와 지구와 달의 기원을 가장 과학적이고 가장 설득력있게 친절하게 잘 설명해 주면서 동시에 필자를 과학의 바다로, 고등 물리II의 태평양으로 안내해준다. 이 영화를 본 후로 이제 더이상 필요없어진 고등학교 물리, 생물, 화학 책들을 모두 고물로 내다놨다. 앞으로는 모든 수능생들이 이 영화 한 편으로 수능 과학영역을 올 마스터할 수 있을 거라 본다. 여담으로 마지막에 달과 지구가 뜨겁게 비비면서 합방할 때 타노스가 등장, 달을 우주밖에서  인피니트건들렛으로 잡아당기는 희생정신에서 가장 눈물날만큼 감동적이었다. 달과 함께 산패한 타노스는 지구의 진정한 영웅이다. 그리고 여담으로 아무리 중국자본이 들어갔지만 그래도 이 영화에 나오는 중국 여자(Kelly Yu)는 미워하지 마라. 이쁘다. 미워하다보면 정들고 정들면 사랑하지 못해서 괴로우니까 그 중국 여자는 미워하지 마라. 이쁘다. ",10
방법: 재차의,드라마 보고 영화를 봐야 되는듯 쿠키영상들도 이해가 안됨 초반이 젤 재밌음 100명의 좀비들,7
공기살인,한때 사회 이슈 관련해서 말하기 대회에서 이 사건을 다뤘었는데 그때 그 분노가 다시 느껴지네요,8
신비한 동물들과 덤블도어의 비밀,"최악의 대사 지루한 줄거리 억지스러운 연기 개 쓰레기 영화, 보다가 도저히 못 참아서 중간에 나왔다 ",1
씽2게더,콜드플레이에 U2면 반칙이지,9
니 부모 얼굴이 보고 싶다,"의도하고자 하는건 알겠으나... 허술하고 개연성 없는 전개와 작위적인 반전, 입체적이지 못한 인물 구성 등이 몰입을 깨서 아쉬운 작품이었습니다.",4
우리가 사랑이라고 믿는 것,이혼을 받아 들이는 어른들의 자세,9
버블,스토리도 개연성 없고 내용도 산으로 가고 사건의 원인 결과도 자세히 안알려주고 마지막에 즙좀 짜보라고 그렇게 연출한건지 모르겠다.,1
엑스맨: 다크 피닉스,매그니토 액션씬 하나만큼은 엑스맨중 탑임 ㅋㅋㅋㅋ,4
고스트 오브 워,미국판 알포인트라고??? 알포인트가 독일영화 데스워치를 베껴먹은건 알고하는말인가?,10
노바디 ,"러시아갱들 후두려 패는게 통쾌하다 역시나 주인공은 사기캐지만 이 영화에서는 몇대 맞아서 현실감이 있었다 마지막  크레모아씬은 참 인상깊었고, 허치는 가족앞에서 노바디가 아닌 썸바디였다. ",9
쿠폰의 여왕,소재보고 가벼운 마음으로 가서  봤는데 두세 마디가 명언이더라구 진짜 주변에 있을 법한 이 사람이 왜 아직도 독신인지 알 수 있을 정도의 외모 성격 충분히 납득이 되는 캐스팅은 잘했네 난 재밌었음,10
신비한 동물들과 덤블도어의 비밀,진짜 재밌는데 왤케 평점 안좋야..,10
올드,삶은 유한하게 흐르고 언젠가는 모든 삶은 끝을 맺는다.,10
수상한 그녀,제일 인상깊었던 장면은 첫 생방송 때 지난 힘들었던 기억을 회상하며 노래부르던 장면인데 진짜 나도모르게 눈물콧물 쏙 빠짐…너무 맴이 아픔…,10
이상한 나라의 수학자,얘기가 이상하게 흘러가네,7
"힘을 내요, 미스터 리",감동적이예요^^~~,10
퍼펙트 케어,페미니즘에... 허술한 갱단들... 말도안되는 여주의 억지조건에...,4
신비한 동물들과 덤블도어의 비밀,재미없을 거라고 생각하고 봤는데 생각보다 괜찮았음.,10
극장판 주술회전 0,마지막에 엔딩 노래 크게 나올때 진짜 울었습니다..ㅜㅠㅠ  한번 더 보고싶어요.. 정말 인생 영화..,10
서울괴담,이것저것 넣어서 맛을 내보려고 했지만 밍밍하기만 짬뽕탕 같은 영화네요. 에피소드들을 옴니버스로 구성했지만 임팩트 있고 기억에 남는 게 없어요.,4
레드슈즈,국내 애니메이션의 달라진 퀄리티.,8
야차,킬링타임용 입니다 아는 얼굴들이 많이 나와서 반가웠네요 몰입도가 조금 아쉽긴해요 리얼리티가 한스푼 더 있으면 좋았겠지만 연기력들이 아주 ㄷㄷ,10
푸리오자,"연출, 연기 모두 10점",10
신비한 동물들과 덤블도어의 비밀,해리포터에 나오는 덤블도어에 대해 많이 알 수 있어서 너무 좋았다.,10
공기살인,내용이랑 연출이 좋았습니다,10
신비한 동물들과 덤블도어의 비밀,신비한 동물사전은 뺴고그냥 덤블도어의 비밀 정도..,7
니 부모 얼굴이 보고 싶다,반전 결말과 배우들의 열연 좋았습니다,8
스펜서,연기 좋다고 해서 봤는데 생각보다 과장되는 몸짓이나 발성이 별로 였음ㅠㅠ,6
중경삼림,1부는 좋았는데 2부가 좀..,6
리프레쉬,수준 이하의 작품..시간이 아까울 정도..,2
쿠폰의 여왕,"고구마 많고, 답답한 하네요.",5
더 배트맨,솔직히 중간에 잠들었음. 배트맨의 과도기가 인상적이지만 호흡이 너무 길어.,6
나나,나나랑 하치가 너무 잘 어울리는데 하치 남친이랑 친구가 완전 최악 별로 ,10
세븐틴 파워 오브 러브 : 더 무비,진짜 너무너무 미쳤고 최고에여!!!눈호강 귀호강 하고 갑니다~~^^♡♡♡,10
니 부모 얼굴이 보고 싶다,우리 사회의 민낯을 적나라하게 드러낸 이야기라 참담함과 함께 분노를 불러일으키네요. 자식이 괴물이 되면 부모는 악마가 된다는 말이 딱 들어맞는 영화입니다.,9
불도저에 탄 소녀,여주 연기최고. 찰진 욕. 눈빛이 살아있음.추천합니다,8
모비우스,나는 재미있게 봤음. CG가 예술임. 스토리야..뭐..어차피 다 비슷하잖아?,7
시애틀의 잠 못 이루는 밤,옛날에는 이렇게 자극적이지 않고도 꿀잼인 영화를 만들었었구나 이런게 좋아. 90년대 미국의 로맨스물은 진짜 어나더 클래스,10
봄날,배우님들이 연기를 너무잘하셔서 뻔한스토리인데도 집중해서봤어요,10
앰뷸런스,서사와 신파가 억지스러움. 마이클 베이의 화려한 카메라 무빙+폭발과 제이크 질렌할의 연기가 멱살잡고 끌고감.,6
스텔라,안본눈삽니다 억지감동 수준낮음,1
봄날,"우리네 일어나는 평범한 이야기. 큰아들만 챙기는 할머니, 장례식장에서 일어나는 일상들을 고퀄리티 배우들의 연기로 표현",10
호우시절,"따뜻한 영화 이다. 사람 사이의 관계, 인간미  좋은 영화이다.",10
서울괴담,같이 본 사람들이 나오면서 다 욕함.. 중년 부부분들이 왜 이영화골랐냐고 싸우심,1
이상한 나라의 수학자,우리나라 교육계의 현실과 맞물려 중1아이와 함께 보기에 감동적인 영화였습니다.,10
서울괴담,여자친구랑봤는데 화장실갔다가 집에가고싶었어요,2
신비한 동물들과 덤블도어의 비밀,나름 볼거리도 많고 유머도 재미있었다. 좀 늘어지는 감은 있지만..그래도 5편까지 마무리는 하고 가자.,7
해변의 에트랑제,몽글몽글 그자체 ㅜㅜㅜ,10
신비한 동물들과 덤블도어의 비밀,덤블도어의 정치질..잘 잤습니다,1
킹메이커,뻔하고 재미없을줄 알았는데배우들 연기력과 흐름에 시간가는줄 모름~,9
혼자 사는 사람들,담 작품도 기대핼게요~,8
공기살인,&amp;#39;가습기 살균제 사건&amp;#39;을 제대로 잘 만든 영화! 영화 속 기득권들은 너무나 전형적이어서 익숙하네요. 이런 영화가 천만 가야 된다고 생각해요. ,10
레지던트 이블: 라쿤시티,이렇게 어설프게 만들거면 아에 만들질 말어라 좀비 분장도 엄청 허접하고 가장 큰 문제점이 캐릭터를 드럽게 못살림 웨스커 하나 비슷하더라 그리고 레온은 왜 허접 찐따로 나오냐 영화가 전체적으로 개판임 앨리스 누님 선에서 싹다 정리될듯,2
렛 힘 고,음.. 그냥 뭔가.. 보고나면.. 기분이.. 드러워요 ,4
봄날,손현주님 연기잘하시네요내용은....,1
베놈 2: 렛 데어 비 카니지,재밌는데 평점 너무 낮네 ,10
바닐라 스카이,이게 왜 정신나간 영화?ㅋ끝까지 본거 맞나?,10
야차,"스토리 짜임새, 배우들 연기 좋고 최근 한국 영화 중에서 기억에 남을만함~",10
머니볼,"가끔씩 생각나는 영화, 다시 머니볼을 볼때마다 나를 되돌아보게 된다. ",10
레미제라블,"최고 매 순간 명장면, 명곡 인생영화",10
공기살인,전개가 너무 빠름 이해가 안됨,4
야차,꿀잼ㅋ 영화가 허구일 수 도 있는거지머,10
수퍼 소닉2,아이가 많이 좋아하고소닉 좋아 하셨던분이라면볼만 합니다. 아이가 일어나서 집중해서 볼 정도였어요.,10
심야의 FM,너무 재미있습니다 한번쯤 볼만한 영화,10
니 부모 얼굴이 보고 싶다,학폭 심각성을 좀 더 강조했으면 좋았을텐데 하는 아쉬움은 있으나 연기 연출 좋았습니다.,8
목소리의 형태,너무 감동적이고 재미있습니다.,10
니 부모 얼굴이 보고 싶다,가해자 옹호… 영화가 주는 교훈이 하나도 없네요 뒤통수를 조심해라?,2
스파이더맨: 노 웨이 홈,어설픈 동정심은 나약함이고 어설픈 정의가 모두를 죽이고 화를 부른다.,6
베이비 드라이버,재미있게 잘봤습니다~,9
앰뷸런스,1. 내용 이상하고 없음2. 말도 안되는 전개와 인물들간 관계3. 현기증 나는 촬영 기법 (쓸데없는 드론 촬영ㅋ),2
니 부모 얼굴이 보고 싶다,그저 그런 영화입니다,6
뜨거운 피,간만에 한국영화 재밌어요,10
테넷,Future/ Past ,10
니 부모 얼굴이 보고 싶다,재판 할 때 아버지의 심정이 절절하게 느껴져 영화관 내 모두가 눈물을 흘렸던 것 같네요. 이 영화는 정말 인간다운 모습을 잘 표현했다고 생각해요. 후속작 기대합니다!,10
니 부모 얼굴이 보고 싶다,"우리는 진실이 뒤틀린 사회를 탓하면서 참된 반성과 참회를 거부한다. 그러나 인간이라는 존재는 진실이 올곧게 드러나도 진실 공표와 반성 사죄보다는 조작과 은폐 그리고 변명에 능숙하게 진화해왔다. 결국 자식이 괴물이 되면 부모는 악마가 된다는 수사로 자신의 악행을  자식을 포함한 다른 누군가에게 전가시키고 싶겠지만(거기다가 무조건적인 부성애라는 참으로 아름다운 개념까지 동원할 수 있다), 살아있는 모든 인간은 태어날 때부터 악의 씨앗에서 발화된 악마였을뿐. 결국 세상은 지옥일뿐이니 윤리도덕이라는 감정적 사치는 저버리시라! 오로지 법의 칼날이 우리를 위선과 내로남불에서 구원하리니 그것이 정의이고 천국일찌어다. ",8
니 부모 얼굴이 보고 싶다,어딘가 일관성 없는 엉성항 스토리..평점에 속았다…배우들 연기는 무난,6
니 부모 얼굴이 보고 싶다,111분동안 너무재미없어서 이악물고봄,2
노바디 ,일단 러시아인을 때려잡는것강철부대 HID 느낌 이라는것,8
니 부모 얼굴이 보고 싶다,슬프기도 하면서 무섭기도 한 영화.저렇게 학교폭력이 무섭다는 걸 확실히 느끼게 됨. 몰입이 너무 됐고 한결이는 피해자이기도 하고 가해자이기도 하다. 나중에 한 번 더 봐도 괜찮을 것 같은 영화,9
니 부모 얼굴이 보고 싶다,고구마는 100개 먹었지만 사이다는 500ml마신듯  피해자가 가해자가되고 애들보다 부모가 더 악마. 남지호가 ㄱ.럴줄은 예상치 못함 ,10
푸른 호수,저 나이 먹고 추방되면 어떡하라고? ;;;,9
신비한 동물들과 덤블도어의 비밀,헤헤ㅅ발…시험기간에안보길잘했당,1
스텔라,이걸영화라고 시나리오쓴작가도 문제고 이스토리를 알고 영화를 만든 감독도 제정신아님 배우들은 아무리 쓰레기 영화라도 입금되면 찍는구나,1
베놈 2: 렛 데어 비 카니지,"도대체 뭘 말하고자 하는지 알수없는 서사...부족한 캐릭터성, 1보다 못한 액션연출, 킬링타임용도 안되는 영화..",4
서울괴담,일단 스토리도 개별로임.. 개연성이라고는 1도없고 상식적으로 이해가 안되는 편이 많음 그냥 귀신이나 상황 연출로 겁주려고하는데 그거도 그냥 별로임.. 그리고 팬들이면 몰라도 아이돌 너무 이쁘고 잘생겨서 별로 이입도 안됨..심야괴담회가 더 재밌,1
세븐틴 파워 오브 러브 : 더 무비,아 사랑해 진짜 사람 미치게 해 진짜,10
불도저에 탄 소녀,이영화 디지게 답답하네 답답해. 여자애가 설치고만 다니고 집안 난장나는 영화..,8
짱구는 못말려 극장판: 태풍을 부르는 노래하는 엉덩이 폭탄!,짱구와 흰둥이가 가족으로서 서로 생각해주는 마음이 너무 예쁘다,10
세븐틴 파워 오브 러브 : 더 무비,진짜 감동하면서 봤음다...,10
뮤지컬 킹키부츠 라이브,CGV 신촌에서 보지마세요. 엉망진창입니다. 사운드가 너무 허접하고 볼륨은 왜이리 낮게 설정했는지 어이가 없었네요.,7
서울괴담,도시괴담 2가 벌써나오다니 걍 한마디로 도시괴담 보는느낌 개연성도 없고 재미도 없고 무섭지도 않음 그냥 유튜브에서 공포시리즈 보는게 나을듯 ,3
짱구는 못말려 극장판: 정면승부! 로봇아빠의 역습,자기가 아빠보다 더 멋진 사람이 될 거라는 짱구의 마지막 격려를 받고 떠난 로봇아빠는 과연 어떤 기분이었을까,10
신비한 동물들과 덤블도어의 비밀,어른의 사정과 중국의 자본으로 점철된 영화1편부터 기대해온 관객들을 배신한 영화.1. 유서프 카마는 대체 왜 그런거지?2. 내기니는 왜 2편에 넣었다가 빠진거지?3. 퀴니는 왜 빠진거지?4. 랠리 힉스 왜 넣은거?5. 그린델왈드라는 캐릭터의 주도면밀함은 왜개나 줘버린거지? 캐릭터를 이렇게 버리나?6. 테세우스는 대체 왜 있던거?7. 대체 크레덴스라는 캐릭터는 왜 존재한거지?8. 제이콥의 존재 의의는 뭐지? 제대로 활약은 했나? 지팡이 왜 받은거지?이 모든 질문들에 대한 답을 하나도 못한 영화였다.정말 보는 내내 짜증이 날 정도였고. 4편은 안 본다.해리포터 시리지의 최악의 망작이었다.,1
불안은 영혼을 잠식한다,정적이면서 우아한 미장센으로 담아낸 가장 외로운 사람들의 사랑 이야기,10
서울괴담,진짜 무섭습니다. 쌀 거 같아요,10
개들의 전쟁,쪽수가 7대2로 많은데 처음에 계속 처맞고 있는게 이해가 안감,8
이상한 나라의 수학자,가족이랑 보다가 많이 울었네요 잘봤습니다,10
쿠폰의 여왕,"코니는 어느 날,  공짜 쿠폰으로 돈을 벌 수 있는 획기적인 아이디어를 떠올리고 이웃집 절친이자 유튜버 꿈나무인 조조를 설득해 실행에 착수, 대박을 터뜨린다. 비즈니스 대성공의 기쁨을 만끽하며 명품부터 슈퍼카, 최신 무기 쇼핑까지 돈세탁에 열중하던 그때,수상함을 감지한 마트 손실 방지 전문가 켄이 본격 수사에 나선다.",10
야차,생각보다 재미있음!! 중간중간 킬링포인트도 있고 배우들의 연기가 좋음!,10
짱구는 못말려 극장판: 태풍을 부르는 나와 우주의 프린세스,짱구가 오빠로서의 여유를 가짐으로써 집안의 균형을 맞출 수 있게 됐구나,10
B컷,신화창조 당신들 진짴ㅋ C컷도 안 되는 이런 영화를 별 5개? 아 개웃곀ㅋ 시간 아까우니까 거르세욬ㅋㅠㅠ ,1
녹색 광선,하늘이 점 찍어준 그린라이트 신호,10
공기살인,꼭 봐야 하는 영화인 것 같아요 인상깊게 잘 봤네요 중간에 관전 포인트를 바꿔준  반전이 있어서 더 그랬던 것 같아요 공기살인 모두가 아는 영화가 되었으면 좋겠네요 ,10
야차,한끗차이 야차가 아니라 아차네,3
타이타닉 2,2.22를 유지해야되,1
메기,진실을 말한 성원이 덧붙일 변명까지 궁금해했던 나 자신을 반성한다,10
형,진한 감동ㅠㅠ 강추해요,10
신비한 동물들과 덤블도어의 비밀,리뷰 보고 걱정하면서 예매했는데 왜 걱정하게 만드는지이해가 안감ㅠ 저는 너무 재밌게 봤고 영상미도 좋고마법세계 좋아하는 분이라면 그냥 보세유 ㅠㅠㅠ신비한 동물사전 이름만큼 동물들에 포커스가 맞춰지진 않았지만해리포터 팬으로서 연결되는 부분들이 반가웠어요 ,10
너의 이름은.,하 또 봐도 명작.. 깊은 여운이 남은 애니,10
서울괴담,개연성이 너무 떨어져요..,1
더 컨트랙터,특수부대 중사 출신 제임스 하퍼는 전역을 명 받고 법의 테두리 밖에서 국가에 충성하는 극비 조직에 합류한다. 그에게 주어진 첫번째 미션은 전세계를 혼란에 빠뜨릴 바이러스 테러를 막는 것. 그러나 미션 수행 도중 거대한 음모에 휘말리게 되고 충격과 위기를 겪게 된다.,10
해바라기,이 영화 나온지가 벌써 16년이 됐다니...,10
신비한 동물들과 덤블도어의 비밀,평점이 왜 이렇게 낮은지 모르겠는데 나쁘지는 않았음...  흥행 때문에 남은 시즌이 있을지 없을지 모르겠지만 남은 시즌이 있다는걸 생각하면 그럭저럭 볼만함!,9
뜨거운 피,오랜만에 심장이 뜨거웠음,8
베놈 2: 렛 데어 비 카니지,베놈이 잘못하면 사과도 하고 서운해하다가 칭찬해주니 곧바로 으쓱해하고.. 생긴거랑 다르게 카리스마가 1도 없네 연출도 꽝이구 너무 재미없어서 넷플에서 보다가 포기,1
니 부모 얼굴이 보고 싶다,보면서 평점 남김 연출과 시나리오가 버러지다,1
베놈 2: 렛 데어 비 카니지,마블의 아픈손가락 탄생,4
마더,...할 말이 없다..,10
니 부모 얼굴이 보고 싶다,"문 한음 국제중학교 학생 김건우가 같은 반 친구 4명의 이름이 적힌 편지를 남긴 채, 의식불명 상태로 호숫가에서 발견된다. 병원 이사장의 아들 도윤재 전직 경찰청장의 손자 박규범 한음 국제중학교 교사의 아들 정이든 그리고, 변호사 강호창의 아들 강한결. 가해자로 지목된 아이들의 부모들은 자신의 권력과 재력을 이용해 사건을 은폐하려고 한다. 하지만, 담임 교사 송정욱의 양심 선언으로 건우 엄마또한 아들의 죽음에 관한 진실을 알게 된다.",10
평평남녀,"대충 줄거리는 TV에 소개되어 알고 있어 편안한 마음으로 보았고,  연기에 집중하다 보니 꽤 볼 만한 영화였음. 배우들 연기가 무리없이 흘러 가는 듯~ ",8
신비한 동물들과 덤블도어의 비밀,너무 지루해요 하하하흐르흐,4
우리들의 일기,옛날생각나네요. ㅋ재미있게 봤어요,10
부기나이트,연기력 구성 다재밌어요 꼭보세요 시간 순삭입니다  ,10
신비한 동물들과 덤블도어의 비밀,스토리 전개 내가 만들어도 이거보단 잘 만들듯. 이야기와 장면의 개연성이 전혀 없고 지루해서 조느라 정신 없었음. 끝났을때 드디어 해방되는 느낌. 돈을 퍼부었는지 3D 연출은 뛰어났으나 거지같은 전개로 전혀 빛을 못봄. 아직도 주인공이 누군지도 모를지경. 해리포터 완독자이지만 이해가 안감. 이런 전개는 관객을 무시하는 처사임.,1
달빛 그림자,어느 날 갑자기 사랑하는 히토시를 잃게 된 사츠키는 죽은 사람을 다시 만날 수도 있다는 기묘한 ‘달 그림자 현상’을 기다리며 슬픔을 극복해 나가는 모습과 미래로 나아가는 방식을 그려낸 작품이다.,10
노바디 ,짧고 군더더기 없어서 좋다시원하네,6
웨이 다운,볼만한 킬링타임용 범죄 스릴러..,6
공기살인,어떻게 국민이 죽어나가는데도 국회는 침묵할수있는건지,10
스텔라,잔잔한 감동. 코믹도 있고. 마지막에 쟁면엔 울컥.은근히 재미남.,8
더 컨트랙터,스토리 진행은 참 좋은데 액션이 너무 빈약해서 아쉬웠음.,8
공기살인,문제를 알리는건 좋은데내용미 너무 뚝뚝 끊어지는 몰입이 전혀 안됐어요ㅜ,4
서울괴담,생활 밀착형 10개의 괴담 옴니버스 영화...~~!!,10
언더 서스피션,평점이 1년에 1개씩 생기는 비인기영화. 첨부터 끝까지 별 재미가 없음. 결말도 황당하고 &amp;#34;이게 뭐지 ?&amp;#34; 라는소리가 저절로나옴,5
특송,송새벽 배우 없었으면 5점 정도 였을듯 ㅋ 킬링타임용 아무생각없이 보긴좋아요,6
작전,빛내고 주식하지 말자 교훈을 주네,10
단지 세상의 끝,그냥 앙투안의 짜증만 1시간 내내..,4
부기나이트,가볍고 장난스러운데 자꾸 그럴법한 이야기.결국 우리 모두. 죽고싶기도 살고싶기도. 허황된 꿈을 꾸기도. 가끔 그꿈을 좇다 현실에 부딪치기도. ,10
스파이의 아내,일본인이 이 영화를 만든 시도 자체를 응원하고싶습니다.,10
더 테러 라이브,나는 개인적으로 명작 근처는 갔다고 생각함,10
메리 미,오랜만에 너무 재밌었어요..,10
동경 이야기,바뀌어가는 가족의 형태에 대해 탄식하는 동시에 새로운 형태의 느슨한 연대에 대한 희망을 드러낸다,10
니 부모 얼굴이 보고 싶다,"흔히 한국 영화의 3대 단점으로 신파, 반전, 애국심으로 꼽는데윤제균 감독식의 신파 강박증은 없지만충무로식 한국영화의 단점인 반전 강박증을 여전히 극복하지 못한 영화.관객들에게 임팩트를 주려면 반전에 반전에 또 반전을 줘야한다는강박증인데 그 반전도 영화 좀 봤다하면 예상하기 너무 쉽고싱크홀 만든 감독인거처럼 조금만 설정을 따지게 되면 허점도 너무 많다.명배우들이 많아서 그나마 배우들 연기가 흡입력이 있지만 그거빼곤 없는 영화.솔직히 대혼돈의 멀티버스 개봉 이전이고부모님이랑 볼 만한 영화가 없어서 배우때문에 봤지만친구나 연인이랑 봤으면 미안하다고 밥사거나 앞으로 데이트할땐 영화관은 빼고 생각하자는 잔소리 들었을 영화.이제 5월이고 본격적으로 5월 개봉작들이 개봉 러쉬 들어가면 한계가 드러날 영화.물론 배우빨이 워낙 좋아 이 감독 전작인 싱크홀처럼 손익분기점은 넘기겠지만203040 세대한테 윤제균이란 이름이 일종의 &amp;#34;믿거&amp;#34;가 된거처럼김지훈이라는 이름도 &amp;#34;믿거&amp;#34;가 되지 않을까?물론 스폰서 입장에선 손익분기는 채우는 감독이라 상업 감독으로써는 계속 커리어 이어갈듯..",1
니 부모 얼굴이 보고 싶다,솔직히 작품마다 재미없던 설배우 아주 오랜만에 좋은 작품으로 찍었네요.재밌습니다 (야차는 진짜 대실망)연기들 다 좋구요.앵커도 보고 이영화 보는데 와 천우희 정말 진짜 예쁘네요.. 배우들 연기 다 좋습니다. ,8
화이트데이: 부서진 결계,이영화는 맨데이트와 비벼볼수 있는 작품이다,1
죽이러 간다,저번에봤는데재밌었습니다 ,10
푸른 호수,진정성은 통한다~!!를 보여준 저스틴 전 파친코로 이어가는 뚝심~!! 전달력의 관건은 진심이라는 걸 깨우쳐주네요~!!,10
레버넌트: 죽음에서 돌아온 자,"아메리카의 자연경관과 인간의 생존본능, 레오의 뛰어난 회복력에 놀람",10
불도저에 탄 소녀,충분히 더 많은 관객이 보았어야 할 웰메이드 영화,8
8월의 크리스마스,"어떤 분들은 10번도 넘게 봤다고 하는데, 전 그렇게 못 보겠어요. 그러다 보면 이 영화가 여러 추억 중의 하나가 될까봐요. 또 그리고 마음이 아려서도 그렇게 계속 못 보겠어요",10
니 부모 얼굴이 보고 싶다,다들 연기 잘하네요 정말 마지막 엔딩은 정말 여운이 깊게 남네요!,10
코코,최고의 디즈니 영화. 인생 영화,10
올드,"반전을 예상할수 없는, 몰입최고의 영화",10
코코,너무 감동적이었고요. 저는 인생영화입니다.,9
공기살인,영화를 보고 나니 딸과 아들이 엄마 2011년이면 우리 어릴때인데..엄마는.저 안 썼어? 하네요 그때 첫째 5살 둘째 3살. 저거 안 사용해본 엄마가 몇명이나 있을까 싶네요. ㅠㅠ  영화로 나와 좋았어요. 기업과 기득권세력의 공무원들의 밀착과 부패에 의한 살인의 실화,10
라이트 아웃,기대를 너무 했나 봅니다 그냥저냥..,7
거북이 달린다,&amp;#34;누가 5여~?&amp;#34;가 내 웃음 포인트 ㅋㅋ,10
플립,기성세대에게 많이 느끼게 하는 영화 . ,8
봄날,스토리도 담백하니 재밌고 잘봤습니다 배우들 연기가 일품이에요 ,10
니 부모 얼굴이 보고 싶다,정말 악랄한 아이들과 부모들이네요. 스토리도 좋고 재밌게봤습니다.,8
딥 임팩트,"재난에 대한 이야기지만 그 어떤 영화보다 사람, 휴머니즘을 그린 영화. 인간 존재에 대한 회의에 쩔어 있을때 보면 어느정도 회복이됩니다 ㅋㅋ 분명 디스토피아적인 상황인데도 희망과 회복이 곳곳에서 느껴졌어요. 요즘 헐리우드 영화는 이런류에서 아주 다크해진것 같아요. 시대가바뀐거겠죠? ",9
더 컨트랙터,리얼한 총질 액션 허나 마지막 스토리가 너무 단순했다..,7
서울괴담,영화리뷰 처음써본다 공포영화 나왔길래 봄 별로일건 같았는데 생각보다 더 별로임 진짜 별로임 제발 돈 아끼세요 아이돌팬분들이 남긴 리뷰는 그럭저럭 괜찮아서 본건데 잘생기고 예쁘긴하더라고요 근데 영화는 별로임 일반인이면 보지마시길 제발...,1
나일 강의 죽음,결론이야 다 아는 것이고.. 영상미 보는 맛!,8
니 부모 얼굴이 보고 싶다,재미있지만.. 확실히 15세라 학교폭력 관련해서 트라우마 있으면 보기 힘들듯..,10
니 부모 얼굴이 보고 싶다,"과장하는 건 알겠는데, 그걸 너무 심하게 해스 초반부 4인이 근신 상태에서도 나대는 건 너무 과하게 비현실적이다.",3
뜨거운 피,마 재밋네 회나한접시무러간다,10
중경삼림,고평가된 쓰레기 영화. 비윤리적이고 맥락마저 없다.,1
봄날,배우들 연기  너무 좋았어요주연.조연.단역분들까지 연기가 너무 좋았네요,10
로스트 시티,스토리가 없다. 시간을 날릴 수 있는 영화,3
장르만 로맨스,상처받는게 취미고 극복하는게 특기,8
신비한 동물들과 덤블도어의 비밀,전개가 너무 형편없다. 저렇게 가볍게 깨질 충정이었으면 애초 왜 따라나섰나?,5
불도저에 탄 소녀,숨막히게 답답한 영화...배우들의 연기 빼고는...답답한 인간 군상 대잔치...마지막 1분 때문에 희생된 고구마 대잔치...,4
오아시스,영화를 본 시간이 꽤 흘렀음에도 포스터와 영화 제목만 보아도 가슴이 먹먹해지는,10
세븐틴 파워 오브 러브 : 더 무비,한 백번 봐도 안질릴듯함 ㅠㅠ,10
오아시스,"강간미화가 아니라, 종두의 어설프고 부족한 사랑 방식이 아닐까…",10
마법 관리국과 비밀요원들,재미있어요 시간이 순식간에 갑니다^^,10
신비한 동물들과 덤블도어의 비밀,간만에 간 영화관. 간만에 숙면 취하고 나왔습니다.,4
수퍼 소닉2,괜히 본듯함 ㄹㅇ...,4
신비한 동물들과 덤블도어의 비밀,몇년만에 처음으로 영화보다 너무 지루해서 화장실 갔다옴ㅋㅋㅋ진짜 너무너무너무너무 몰입도 안되고 산만하고 스토리도 이해가 잘 안됨... 진짜 내 시간과 돈이 아까웠음 최근 몇년중 최악의 극장영화인듯,2
신비한 동물들과 덤블도어의 비밀,1편을 안 봐서 그런가 좀 지루하네요,2
천녀유혼,100세까지 살아도 기억에 남을듯,10
수퍼 소닉2,소닉 세계관을 안다면 훨씬 더 재밌어요. 향수 자극하니 어른이 봐도 꽤 괜찮은 수준급 SF라고 생각합니다. ,10
부기나이트,물음표?만 남는 영화. 뭘 이야기하고픈 건지 .그냥 인생을 헛되게 살지말자??,5
이별의 아침에 약속의 꽃을 장식하자,다시 새로운 이별을 만나기 위해.,9
앵커,천우희가 엄마인 전개는 다른영화에서 많이봐서 식상했으나 연기력으로 커버가 잘되었음천우희 배우가 그 배역에 찰떡이 아니라 묘하게 계속 거슬렸다 특히 헤어컷이 별로안어울렸음 ..전체적으로는 지루하지않게 잘 전개되었다,8
서유기 2 - 선리기연,작중 대사처럼 내 감동또한 1만년이 된 작품,10
스텔라,이게 재미없다고?차암놔 볼만하구먼사람들이 왜이래?,10
판도라,허허 탈원전 하궤습뉘다 쩝쩝. ,2
그것만이 내 세상,예상가능한 연출이지만 병헌이형이 카바했다.,9
갈증,"애처로워, 인간의 &amp;#39;악&amp;#39;.",8
더 배트맨,"어둠과 우울의 배트맨을 그리는데 로버트패틴슨 캐스팅은 좋았는데, 감독이   어둠이라는 화두에 집착하고 뭔가 보여줘야 한다는 강박 때문에 그런지 마지막씬에서는 아이돌 가수가 배트맨 복장으로 나오는 겉보기만 그럴듯한 스토리 쇼를 보는 듯 했음. 폴다노스런 말 많고 정신 나간 빌런 스타일은 이제는 식상",3
시월애,2000년 개봉시 흥행실패. 평론가들의 혹평까지 쏟아져..하지만 난 이 작품이 나의 인생영화요.한국예술의 자랑이 되리라 믿었고. 바램대로 이루어졌다. 이현승에 경배를! 이정재.전지현에 감사를..,10
니 부모 얼굴이 보고 싶다,"중간 중간 허술한 부분이 많지만, 지루하지는 않았어요",6
스텔라,그냥저냥 볼만한데~ 평점이 너무 낮아 10점 줌,10
베놈 2: 렛 데어 비 카니지,넷플로 보고있는데 왜 망했는지 알겠다...,1
앵커,"블랙스완과 유사한 스토리라는 점은 새로운 작품 구성에 있어 조금은 아쉬운 점이라 할 수 있으나배우들의 연기력이 최근 본 영화 중 가장 몰입력 뛰어났다. 혼자 심야영화 보는 걸 좋아하는데영화가 끝나고 아무 말도 못할 것 같은 생각이 들어 집 가는 내내 멍하게 최면 걸린  것, 머리에 망치 한대 맞은 것 같은 신기한 기분을 오랜만에 느끼게 해준 영화이다. ",10
친구2,"혹평에 안보다가 이제 봤는데, 여전히 최고다",10
특송,애하나 죽으면 끝날일을 감정적인 여자 하나가 그거 하나 살리려다 너무 많이 죽었음. ,2
애드 아스트라,좀 별로네요 ^^ 볼거리가 많은것도 아니고..특별한 스토리가 있는것도 아니고..감동이 있는것도 아니고..외계인은 없다는 설정도 마음에 안들고.. 그냥 한번은 나름 재미있게 볼수있는 수준인데 그 이상은 아닌듯 ^^,6
마이클 잭슨의 디스 이즈 잇,얼마나 공을 들여서 준비했는지 여실히 보여주는 내용이었다. 그래서 더 마음이 아픈 것 같다.,9
로스트 시티,그저 배우들의 매력을 느낄 수 있어서 좋았던 영화,7
니 부모 얼굴이 보고 싶다,마음이 아프네요…ㅜ,8
더 배트맨,놀란의 배트맨을 이길 배트맨은 없딘,4
신비한 동물들과 덤블도어의 비밀,대부분 시리즈는 1편이 제일 재밌다는 것의 예시,5
스파이더맨: 노 웨이 홈,"너무 기대하고 본게 함정, 신기한건 타 스파이더맨들의 주연이 나이 들어감에 따라 아쉬웠던 반면에 톰홀랜드 젠데이아는 오히려 갈수록 더 멋져지네",7
이상한 나라의 수학자,시간남아돌지않는이상안보는걸루,6
삼국-무영자,평점이 8점대 맞추기 위해서,10
베놈 2: 렛 데어 비 카니지,쿠키영상이 제일 기억에 남았다. 이번작은 실망이지만 다음작은 기대가 되는 이유였다.,6
로스트 시티,보지마세요.인생 최악의 영화,2
앵커,천우희 배우 응원합니다..,8
이상한 나라의 수학자,여인의향기 너무베낀것같음ㅡㅡ 강당씬은 예상가능했음,2
굿 윌 헌팅,말이 필요없는 최고의 배우들 최고의 영화,10
내가 처음으로 사랑한 소녀,세상에 이런 순정파 주인공 또 없음. ,9
앰뷸런스,과도한 액션과 밍밍한 스토리가 멀미를 일으킨다,6
몬스터 아카데미,11살이 봐도 무섭다네요.,2
신비한 동물들과 덤블도어의 비밀,영상미가 예뻤고 연출도 나쁘지 않았지만 스토리가  극 후반에 루즈해져서 아쉬웠다만 대체적으로 재미있게봤다. 먼지모를 아쉬움이 남는 영화  ,5
니 부모 얼굴이 보고 싶다,영화를 보는 내내 머리를 쥐어뜯었다그들은 너무나 뻔뻔하게 당당했고피해자의 마지막은 본교 학생이 아닌 외부인그게 현실이었다 무언가에 얻어맞은 듯한 기분...,10
뜨거운 피,기대하지 않고 봤으나 배우들 연기나 스토리 괜찮고  끝에는 뭉클하네요,10
패신저스,이영화를 최근에서야 봤는데 남자주인공 얼굴 보자마자 사고칠 줄 알았다..,8
니 부모 얼굴이 보고 싶다,"신선한 소재, 주인공의 내적 가치 변화가 좋았다 다만 아쉬운건 스토리상 선생님의 출연이 무슨 의미가 있나 싶을정도로 지루한부분이였다. 이 사람은 어떤 인생을 살아왔는지도 모르는데 다른사람들은 다 이기적이고 왜 이 선생혼자서만 남을 위해 희생하는가?",8
원더 우먼 - TV 시리즈,"어릴때는 팔찌와 밧줄때문에 린다 누님의 몸매를 못봤었군요,,인자는 음란마귀가 씌인 나이라 ㅎ",10
니 부모 얼굴이 보고 싶다,설경구와 설경구 아들 ..연기 너무 잘함다들 연기 너무 잘하고ㅠㅠ 갠적으로 엄청 재밌게봄,10
패왕별희 디 오리지널,장국영이라 좋았다..,9
스텔라,기냥 명절영화 급은 되는 것 같은데?,6
신비한 동물들과 덤블도어의 비밀,2편보다 훨씬 낫긴 한데 결국 후속작이란 한계에서 벗어날 수가 없네,4
수퍼 소닉2,생각보다 유치뽕짝하긴 해도 캐릭터물이니까,10
빽 투 더 퓨쳐 2,정상수가좋아해서평점1점이노이기,1
모비우스,그냥 아주 특별한 건 없는데 정석적이구 괜찮았어요.,8
"틱, 틱... 붐!",질풍노도 처럼 달려가는 청춘을 위한 불꽃처럼 아름다운 2시간,8
니 부모 얼굴이 보고 싶다,"소재만 보일 뿐 영화적 매력이 정말 없다. 배우들의 연기조차 돋보이지 않고 늘 비슷하게 만들어낸 드라마같은데, 솔직히 요즘 드라마가 훨씬 재미있고 기다려진다. 중반에 너무 졸립고, 특별한 성찰도 재미도 블랙유머도 없는 배우 앞세워 그럴싸하게 진지한 영화 만들고 싶었으나 역부족이었다.",4
니 부모 얼굴이 보고 싶다,goo0000ddd,10
스윙키즈,왜 망했지 ㅠ 진짜 재밌어용,10
특송,재밌네요..,9
더 배트맨,왜 긴지 이해불가... 길지만 않았어도 ㅠㅠ,7
루이스 웨인: 사랑을 그린 고양이 화가,모르던걸 알게되지만 외로운 영화. 편안함을 위해 선택했지만 나올땐 우울했다. 영화에서라도 행복하게 그려 줬었으면 좋았겠지만. 그래서 내가 쿠엔틴 타란티노를 좋아 하나보다.,7
야차,역도산vs최배달역도산 승,6
데자뷰,"어설픈 과학, 어색한 로맨스?",1
스텔라,인터 스텔라 입니까?안본사람 입니다 봐도 무방한지요?,2
중경삼림,처음엔 몰랐는데 찾아보면 숨겨진 의미가 ㅇ놀라움,8
언차티드,전문용어로 그냥 X같은 영화임.,1
비포 선라이즈,"솔직히 재밌고 그런 영화는 아닌 것 같아요 하지만 마지막 30분정도는 감정선이 끝에 다르면서 뭔가 막,, 끌어오르는? 확실한건 마지막에 약속하며 각자의 행선지로 가고 둘이 지났던 비엔나의 길을 비쳐줄땐 오래된 연인과 헤어질때 느끼던 상실감이 느껴졌어요 저는..",7
니 부모 얼굴이 보고 싶다,진짜 개짜증나고 개재밌어요 ,10
언차티드,쓰잘데기 없는 농담의 대사들과 겉멋만 든 말투 영화 보는 내내 불편함.. 하나도 안멋지고 하나도 안 웃긴데 계속 드립침 미국 카우보이식 농담이라기엔 너무나 유치한… 번역가가 잘못인지 원래 대사가 그런지 쓰레기~ 인디아나존슨처럼 중간 중간 유머코드 대사친다고 하지만 하나도 공감안감 스파이더맨의 고딩들의 인디아나 존슨 찍으려다 망한거 같은 영화… ,2
뷰티 인사이드,멋진 배우들로 포장 된 뷰티 아웃사이드,5
뜨거운 피,연기파 배우들의 연기력 향연,10
더 배트맨,배트맨 특유의 어두움에서 이야기하는게 잘 드러남,10
그랜드 부다페스트 호텔,시청각적으로 거의 최고치로 만족스럽고 스토리도 감독님 특유의 기발하고 독특한 스토리라인인 듯! 명작:),10
문라이즈 킹덤,정말 레전드라고 불리는 영화에는 이유가 있음! 너무 귀엽고 아름다운 영화.,10
판타스틱 Mr. 폭스,웨스 앤더슨 감독님은 어떻게 애니메이션까지 잘 만들 수 있지… 너무 재밌음:),10
해리 포터와 혼혈 왕자,"데이빗예이츠가 메가폰을 잡은 이후로 해리포터 영화는 볼 가치가 사라짐. 감동의 역량차이가 너무 크다. 1-2편의 크리스콜럼버스, 3편의 알폰소 쿠아론에 비해 데이빗 예이츠는 해리포터 세계관과 분위기를 제대로 못살리고 스토리도 엉망으로 짜서 소설책 팬들에게는 너무나 절망적인 영화만 만들어냄. 소설 불사조기사단과 혼혈왕자는 시리즈중 가장 긴장감 넘치고 핵심적인파트인데 영화를 이따위로... 더군다나 최근 신비한 동물 사전 시리즈만 봐도 그의 능력부족이 현저하게 드러남.",4
공기살인,재밌었고 슬펐어요 ㅜ 피해자분들이 호통치시는 장면이 너무 슬펐음 ㅜㅠ,10
열대왕사,졸지에 죽음의 태풍을 몰고 온 남자. 스토리는 다소 아쉽지만 찝찝함의 표현만큼은 일품,6
내부고발자들: 월급쟁이의 전쟁,영화라과장한면도있겠지만  저게현실,8
슬리퍼스,"인생이란 참 길고도  가혹하리만치 힘든 여정이며, 결승점까지 도달한다는게 얼마나  대단한 일인지 일깨워주는 서사시 같은 영화. ",10
서울괴담,역대 최악의 영화인듯 하..,2
앵커,간만에 만족스러운 한국영화..! 감독 장편 데뷔작인데 앞으로의 작품이 기대되네요... 천우희 이혜영 배우 연기도 너무 좋았어요,10
니 부모 얼굴이 보고 싶다,"배우들 연기가 좋았습니다~! 문소리 배우 분량 적어서 아쉽,,,",10
오늘,오래전에 본 영화인데도 문득 생활속에서 한번씩 생각납니다. 살면서 잊혀지지 않는 영화 중 하나네요,10
앵커,스릴러도 공포도 아닌것이... 나름의 반전(?)정도는 괜찮으나;;정말 노잼임 그냥 나중에 넷플같은곳에서 무료로 보는게 좋아보임 ,2
니 부모 얼굴이 보고 싶다,흔한 클리셰들로 뼈대를 세워놓고선 살을 붙이지 못한 영화. 어중간한 떡밥 회수와 보는 내내 어째서? 라는 의문이 들 정도로 스토리 진행이 어색했음.,6
데스티니,진쨔 잼써♡ ㄹㅇㅋㅋ  아니 ㄹㅇ 액션 존잼이야,10
스텔라,"...개인적으로 한국영화는 더 좋게 보려고 하는 경향이 있지만 이건..배우분들께는 죄송하지만, 코로나 팬데믹 기간 2년반동안 개봉한 한국영화 중 최악이었습니다.",2
콩가네,완죤 개 웃기는 영화~한국 코미디 영화 중 탑~하도 웃어서 입 아프다~ ,10
신비한 동물들과 덤블도어의 비밀,롤링이 해리포터라는 작품을 어디까지 망쳐놓을건지 보여주는것같네..,2
데스티니,우와 ㄷㄷ 존잼 짖쩌 너뮤 재미있다!,10
사랑과 영혼,90년대 영화가 최고지? ! ,10
서울괴담,후기가 너무 안 좋던데 난 생각보다 재밌었음,10
야차,리얼리티가 없음. 저게 말이 되냐는 어이를 찾게됩니다.,1
앵커,초반의 긴장감과 공포영화를 연상시키는 연출들이 좋았으나 중반부이후로 황당할정도로 무너지는 영화 결말은 그냥 실소밖에 안나온다.,1
더 컨트랙터,작은 스케일은 아쉽지만 크리스파인의 매력으로 커버,6
니 부모 얼굴이 보고 싶다,영화의 반전이 너무 재밌다,10
알 포인트,국내공포영화중에 최고 수작  ,10
카센타,박용우라 기대를 많이했음ㅋㅋ,4
서울괴담,진짜 너무 재미있었읍니다. 친구들끼리 보러 가기 강추~^^ 꼭 ㅎㅎ 보세요!!,10
유체이탈자,유제이탈자는 핫도그다ㅋㅋ,5
불도저에 탄 소녀,시작할 때부터 &amp;#39;개빡친&amp;#39; 얼굴을 한 김혜윤의 연기하나만으로도 이 영화는 시원하다. 불도저처럼 끝까지 밀고 나가는 그녀의 모습을 절로 응원하게 된다.,8
불도저에 탄 소녀,다 좋았는데.. 구영환이를 그렇게 놔두고 영화를 끝내면 안되지.. 뭐 선거 후보 라며 그런 놈이... 권선징악이 안되서 아쉬웠다,8
스텔라,너무너무 재밌어용!!!,10
신비한 동물들과 그린델왈드의 범죄,두시간 정도 마법 세계 잘 다녀옴. 호그와트 보는데 왜 내가 다 반갑고 난리. 호그와트 졸업생인줄. ,10
니 부모 얼굴이 보고 싶다,"다시금 고찰하게 만드는 영화. 명품 연기와 반전의 반전, 지루하지 않고 몰입해서 봤다",9
뮤지컬 킹키부츠 라이브,Ost가 정말 좋았다 그리고 연기도 좋음,10
나의 촛불,.....객관성 전혀 없는 편파성 영화,2
신비한 동물들과 덤블도어의 비밀,"코미디 영화인줄, 간만에 재미있게 웃었네요",9
너의 결혼식,재미있게 잘 봤습니다~,10
공기살인,좀 아쉬움이 남네요.이 어마어마한 사건을 이정도의 영화가 담기엔 그릇이 작은건지 아니면 재료가 부족한건지... 더 잘 만들었다면 이 세계적으로 유래가 없는 국가적 기업적 살인사건을 더 잘 알릴수 있지 않았을까.... 아쉽습니다,6
봄날,"시골에서 살던때 어른들말투억양, 충청도식 애매한화법 이런거 정말 많이 느꼈었는데 묘사를 진짜 잘한 연출임 그리고 손현주 연기 대다나다.",8
서울괴담,무서우면서도 재미있었어요,10
세븐틴 파워 오브 러브 : 더 무비,평캐를 다짐하게 해준다는 말 이거 ㄹㅇ임,10
니 부모 얼굴이 보고 싶다,와... 진짜 시간 가는 줄 모르고 봤음 결말 보고 진짜... 어쩔 수 없나봄,10
하피,누가봐도 경비가 범인  어색하고 쳐자고 있음이 영화를 보고  불치병이 완치되길,2
니 부모 얼굴이 보고 싶다,예상되는 흐름이지만 배우들의 캐릭터가 살아있어서 좋다,7
맨 오브 스틸,평점이 너무 낮다.... ,10
마스크,"아들이랑 넷플로 영화 초중반쯤 보다가, 아빠 이 영화 언제 영화냐고 묻기에 영화 보이는 느낌대로 대강 2010년쯤 이라고 대답함. 검색해보니 1994년 제작? 헐~~~ 짐캐리 대단!",8
미드소마,공포도 없고 재미도 없고 그냥 기분만 더럽게 만드는 영화,1
니 부모 얼굴이 보고 싶다,원작이 있어 그런지 스토리 전개가 무리가 없고 간만에극장에서 본게 돈 아깝지 않은 영화였음,8
신비한 동물들과 덤블도어의 비밀,"해리포터, 신비한 동물사전 시리즈 다 안보면 이해 전혀 안갈듯 이 영화를 처음으로 보는 사람들도 계실텐데 그 사람들 존중해줘서 이해 가게 만들었음 좋았을듯, 하지만 모든 시리즈를 4번 이상 본 나에게는 넘나 재미있었음",5
니 부모 얼굴이 보고 싶다,너무 현실적인 얘기라 보는 내내 너무 찝찝하고 마음이 불편했어요..   요즘 세상은 내 아이 낳아서 키우기 정말 무서운 세상이네요.. ,8
불도저에 탄 소녀,증거 뺏기는 것도 계약하는 것도.. 어쩜그리 허술하게 하고. 속에서 울화통이 치밀어오른다,7
서울괴담,..10자 채우겠습니다,3
세븐 데이즈,지선시네마에 낚여서 간만에 보는 졸작오프닝만 봐도 바로 한숨나오는 이상한 편집과 연출,5
내가 처음으로 사랑한 소녀,사실 학교를 나가기 전까지 먼저 용기를 낸 것도 마음을 전한 것도 실비아였다 타이밍이 지독하게 안 맞아서 서로가 상처받았던 사랑,10
다세포 소녀,1점도 아까운 점수입니다.,1
서울괴담,나만 재미있었나봐 재밌게 봤는데 마네킹이 제일 무서웠네요,10
서울괴담,나름 재밌게 봤습니다 ㅎㅎ,10
공기살인,"2011년이면 나도 한참 학생으로 활동할 나인데.. 왜 이제서야 알았지..? 슬프고, 배우 연기들이ㅜ너무 좋았어요",10
FBI 데스트랩,말로 하는 액션 ㅋㅋ,2
서울괴담,차라리 10부작 웹드라마였으면 어땟을까 생각함 아이돌 보러가거나 공포영화 데이트용으로는 무난한듯 이민혁 사랑해,10
야차,킬링타임 오락영화용으로 나쁘지않았는데- 5점대 평점받을 정도는 아닌것같음- 재밌게봤어요!!,10
뮤지컬 킹키부츠 라이브,"완전 좋았어요! 모든 연령대에 추천합니다.나 자신을, 그리고 타인을 있는 그대로 받아들여라.. 가 이 극의 메시지예요.마지막 노래 나올때는 신나서 막 박수치고싶었고, 그러면서 가사는 울컥해서 눈물도 났어요.",10
B컷,중간에 차가 바뀌넼ㅋㅎㅗ롤룰루,9
서울괴담,갑자기 분위기 좀비 영화,1
조제,꿋꿋하게 살아가는 조제를 보았을 때. 영석은 동정 아닌 &amp;#34;사랑 &amp;#34; 을 맘 속 깊은 곳에서 아프게 느꼈으리라..,10
더 배트맨,원작의 고담시티를 잘 표현한 배트맨!!,7
언차티드,무난한 오락영화 좋은데요,8
석양의 무법자,볼만하긴한데 한번봐선 스토리 이해하기 어렵고 불필요하게 산만한데도 많아요. ,8
워크래프트: 전쟁의 서막,"아니 근데 농담이 아니라 너무 기대를 안하고 봐서 그런가, 괜찮은데 왜 이렇게까지 망했지..",9
수퍼 소닉2,아이들이 재미있어해요~~,8
신비한 동물들과 덤블도어의 비밀,리죄명나옴. 그린델왈든이 리죄명으로 딱임,6
코다,올해본 인생영화. 소장해서 언젠간 다시 볼영화..,10
로스트 시티,배우들 연기는 좋으나 스토리가 좀 유치해요,5
신비한 동물들과 덤블도어의 비밀,생각보다 되게 재밌었음,10
코코,명작. 가족간 사랑은 변화지않는 진실. ,10
앵커,너무 많은 걸 담으려고 한듯개연성도 많이 떨어지고요,6
공기살인,"민지 아빠라는 것에 한번 울컥,, 마지막에 시위할 때 한번 더 울컥..재미있었고 실화 내용이라니 더 슬퍼요ㅜㅜ",10
수퍼 소닉2,첫번째에는 아주 재미있게 봤음. 등장인물들도 귀엽고 다 좋은데 두번째 볼때는 너무 지루했던것 같음.,8
니 부모 얼굴이 보고 싶다,재미있게 봤습니다. 뻔히 예상되는 결말인줄 알았는데 다시 한번 반전이...,8
문폴,우주영화를 개같이 만들면 문폴 꼬라지가 난다는걸 잘 보여줬다연출-개 영상미-개 아역들-발암 미니우주선으로 일당 100을 해버리는 거에서 에라이 아이디어 드럽게 없구나 했음,1
시카리오: 데이 오브 솔다도,전작이 엄청난 명작이라 그렇지 이 정도면 고퀄 영화 맞다,8
시카리오: 암살자의 도시,긴장감 10000% 인생영화 나옴,10
폭격,전쟁은 절대 일어나선 안된다,10
세븐틴 파워 오브 러브 : 더 무비,평캐다짐하겟습니다..눈물줄줄,10
스텔라,겁난다. 일반시민들 겁나서  사채 안쎠요.한국에 나쁜ㄴ들이 많은데 왜 아이의 아빠가  욕심부려 사채쎠서  대출빛 못갚는다고 아빠죽이면  이나라 쓰레기이지. 아빠가 욕심부리지 않아야했다돈빛어떻게 갚냐  ,2
베놈 2: 렛 데어 비 카니지,만들다가 제작비 부족해서 미완성 상태로 개봉한 느낌... 영화관가서 돈주고 봤으면 돈 좀 아까울순 있습니다 넷플에서 나왔길래 봤는데베놈시리즈는 항상 뭔가 부족해서 아쉽습니다.,6
더 킹,영화가 아니고 다큐이고 진실이며 역사다.,10
신비한 동물들과 덤블도어의 비밀,낮은 평점에 기대 안하고 봤는데 너무 재미있었어요 ^^,10
야차,킬링타임 그이상 그이하도 아님,1
내 여자친구를 소개합니다,나의 첫사랑과 처음으로 같이 봤던 추억의  영화,10
인사동 스캔들,2009년 영화라고는 믿기지 않는 쌈마이함과 시대를 퇴행한 싼맛 연출,3
애덤 프로젝트,&amp;#39;백 투 더 퓨처&amp;#39;의 감성에서 &amp;#39;프리퀀시&amp;#39;의 감동으로 터치하는 따뜻한 SF 가족 힐링무비,6
불도저에 탄 소녀,김혜윤 연기 진짜 잘하네,6
불도저에 탄 소녀,페이로더가 타고 싶은 영화! 군대에서 작동해봤던 중장비의 향수가 느껴짐~^^,9
인천상륙작전,진세연 진심 발암 덩어리네,10
이터널스,마블영화중 제일 노잼인 영화,1
스텔라,이딴게 영화라니 ㅜㅜ 본 시간이 너무 아깝 ㅜㅜ,1
롤플레이,신인일수록 인정 받는 게 에로배우라는데 닳지 않은 신입급 여배우의 육체를 즐길 수 있는 것만으로도 시간이 아깝지 않다.,10
리틀 포레스트,"아래 어느분이 *무공해한 영화* 라고 표현하셨던데, 정말 딱 맞는 말~!",9
그것만이 내 세상,"이 영화로 박정민 배우 연기를 처음 봤는데, 그 이후로 이 배우 영화 찾아서 보게 되었어요. 보석같은 배우. 그 외 주연배우들 연기는 말해 무엇.. 베테랑 배우들 사이에서 절대 뒤지지 않았던 박정민 배우 대단해요. 정말 천재적인 노력파!",10
앵커,간만에 무서운 영화 잘 봤습니다.공포는 아니고 스릴러네요.,8
시동,그냥 재밌었어요. 배우들 연기는 좋아요,9
해적: 도깨비 깃발,김남길이랑 손예진 성대모사 코스프레 한점이 망한 포인트인듯,4
스파이더맨: 노 웨이 홈,지금까지 본 영화 중 두 번째로 좋고 감동적이고 슬프며 위대한 영화다.첫번째는 엔드게임,10
이상한 나라의 수학자,"다들 수학얘기가 아닌 얘기 때문에 뻔했다, 지루했다 해서 기대치 낮추고 봐서 그런지 모르겠는데 재밌게 봤어요. 수학을 못하던 학생이 북한 수학 천재 만나서 수학에 흥미 갖게 된 거나, 북한 수학 천재의 과거 같은 거도 뻔했더라도 개연성이 없는 거도 아니어서 저는 재밌게 봤습니다. 다들 연기를 잘 해서 몰입해서 잘 봤습니다!",10
신비한 동물들과 덤블도어의 비밀,최악!!! 몰입도 없고 무슨내용인지도 모르겠다. 스토리 개연성없고 거지같고. 참고참고 보다 뛰쳐나옴!!! 시간아까움. ,2
콩쥐팥쥐,지금 당장 보고 싶은 영화입니다,10
극장판 주술회전 0,진짜 눈물 다 빼고 온 영화.. 어떻게 이렇게 멋진작품이 같은 사람의 머리에서 나올 수 있는지 모르겠다…주술회전 1기를 다 보고 엄청 기대를하고 가서 실망할 수도 있다고 생각했는데 진짜 기대를 넘어서 정말 미친영화다.. 진짜 ost부터가 그냥 너무 미쳤어 진짜 하..다 너무 잘생겼고.. 진짜 액션신이 어떻게 애니보다 고퀄일 수가 있는거야??? ㅠㅠㅠ 진짜 처음 극장판내는 거라 그런가?ㅠ 진짜 모든걸 갈아서 넣은 작품…,10
마담 싸이코,싸이코 아줌마 연기 정말 잘한다,9
분노의 질주: 더 얼티메이트,GOAT. 역대 최고 명작인듯. 불멸의 브라이언 오코너,10
니 부모 얼굴이 보고 싶다,"하.. 이 작품 ㄹㅇ 뭔가 기억에 계속 남는게 그냥 학원물이 아니라 좀 더 흥미를 더해주고 배우들의 내적갈등 연기가 리얼하게 잘 해내줬습니다..,! 진짜 많은 분들이 봐주셨으면 좋겠어요",10
특송,박소담 송새벽 연기 와~~ 진짜 대박영화!!,10
극장판 귀멸의 칼날: 무한열차편,뭐 하나 빠질게 없이 최고였다.영화가 끝난 후에도 가시지 않는 여운.,10
신비한 동물들과 덤블도어의 비밀,스토리를 중요하게 생각하지 않는다고 생각하면 볼만 하다고 생각하는데 스토리를 중요하게 생각하는 사람이라면 이건 좀... 할 수 있음,5
유감스러운 도시,말도 안되는 코스프레가 현실 속에서 왔다갔다 하는 킬링타임용 3류영화 ,2
니 부모 얼굴이 보고 싶다,영화를 너무 베베꼬았다. ,4
야차,와 이정도면 최민수의 테러리스트가 더 박진감 넘치겠다.,2
최종병기 활,진짜 아직도 너무 재미있다,10
신비한 동물들과 덤블도어의 비밀,마법 전투씬이 좋았어요 다만 스토리는 조금 아쉽네요,8
울고 싶은 나는 고양이 가면을 쓴다,"청소년기의 감성을 잘표현해서그런지 감동이 좀 컸던거같음 , 널좋아하니까 나좀봐줘의 구애로 시작되는 판타지이야기 라는 흐름도 보기 이상하진않았다고 생각함 ",9
아웃브레이크,극장씬 소름돋음 마스크 계속써야지 근데 줄거리 뭐냐 처음부터 끝까지 내용을 다 적어놨네 어이없;;,8
신비한 동물들과 덤블도어의 비밀,게이들의 사랑에서 시작된 막말 대잔치. 역겹고 토나옴,1
공기살인,잊지않았음좋겠습니다,10
버블,"일단 연출면이나 작화 파쿠르의 소재가 신선한점에선 높게평가해주고싶음,하지만 확실히 뭔가 영화에 깊게빠지고싶어서 이야기들을 이해하려고 한다면 재미나 감동이 확빠질수있음.그만큼 이야기가 어물쩡하게 넘어가서 아쉽다는느낌을 받는다. 그냥 금요일에 일하고 씻고와서 간간한 음식몇개 들고 먹으면서 보기엔 좋은듯 ",9
뜨거운 피,역시 조폭은 부산이라능. 칭찬 아님!,4
말모이,우리글과 우리말을 위해 식민지 시대에희생하신 모든분들께진심으로 감사드립니다,10
안시성,전투씬을 정말 잘 만들었네요,8
시카리오: 데이 오브 솔다도,"1만큼은 아니었지만, 긴장감 있었고 볼만했다.델 토로 눈빛 ㄷㄷ 쩌는듯",8
니 부모 얼굴이 보고 싶다,많은 생각을 하게 만든 영화였다. 설경구 연기도 너무 좋았다 최고 ㅠㅠ,10
니 부모 얼굴이 보고 싶다,결말이 시원하게 안끝난것같긴 하지만 존잼,10
신비한 동물들과 덤블도어의 비밀,조엔 롤링 여사 감 다 떨어짐 ,4
퍼펙트맨,간만에 잼있게봤습니다,10
야차,스토리 없이 개연성 없이 반일만 집어넣으면 물고 빨던 시대는 지났다. ,1
베놈 2: 렛 데어 비 카니지,명작에다 왜 대충만들었다하는지?ㅋㅋ 너무 재밌고 첨에는 톰하디 이상하게보였는데지금 미남ㅋㅋ,10
과속스캔들, 최고입니다 5번도 더봤어요,10
칼리포니아,각본의 완성도를 떠나서 특유의 분위기때문에 몰입이 되었던 독특한 영화,10
모럴센스,너무 재밌게 봤어요~~서현이는 색다른 신선한 매력을 보여주었어요. 케미도 좋고,10
더 배트맨,인간과 히어로의 중간 어디쯤인 배트맨..고담시 경찰과 공조수사를 펼치는 탐정같기도 하지만 시리즈를 이끌어내기 위한 스타트는 나쁘지 않다..^&amp;^,8
내가 잠들기 전에,긴장감 넘치는 스토리와 니콜키드먼과 콜린퍼스의 연기력이 돋보이는 영화,10
악마는 프라다를 입는다,죽은시인의 사회 의 말을 빌리고싶다.&amp;#39;카르페디엠&amp;#39;,8
오펀: 천사의 비밀,하찮은 남성들의 향연 연기로써는 훌륭할진 몰라도..,6
라이프 오브 파이,메타포 영화의 끝판왕 그저 고립은 없다.,9
세븐틴 파워 오브 러브 : 더 무비,나 아무래도 세븐티 힛 발라드ver 들으러 갈듯 ㅇㅇ 그리고 크인럽 도입부 전원우 ㅈㄴ 잘생김,10
음식남녀,전개도 이해안가고 인물들의 행동도 쌩뚱맞아서 공감도 안되었다,2
유다 그리고 블랙 메시아,빌 오닐 연기가 더 좋았는데.. 수상 불발된거 아쉽다,8
연애 빠진 로맨스,근래 본 최고의 로맨스 영화다..30대 이상은 충분히 공감하고 현실적인 영화.,10
공기살인,사회적인 소재를 이용한 억지 감동과 갑작스런 연계,4
불도저에 탄 소녀,결제비만 낭비햇네 복수할거면 확실히하던가 아니면 포기하던가 ㅡ ㅡ;; 불도저로 자기집은 다부셧으면 경찰차까지 부셔버릴줄알앗던게 그불도저로 회장집만 긁고만 끝나냐... 잃을게없는자의복수가 맞는건지 의문이다,2
모비딕,스토리가 몰입되고 재밌네요 워낙 좋은 배우들이 많이 나와서  연기가 좋습니다.,10
야차,좋은 배우들 데려다 이렇게밖에 못찍다니..감독의 한계..,6
더 배트맨,어둡다어두워그 흔한 미소 멜로없이3시간을 장황하게 만들어내니,10
로스트 시티,산드라블록 연기력 진짜 최고!! 액션 재미 스토리 다 좋았음,9
신비한 동물들과 덤블도어의 비밀,진짜 해리포터 덕후로서 이번 영화 전투 스케일 정말 크고 마법전투장면도 재밌었습니당!,10
인셉션,"&amp;#39;꿈 속의 꿈&amp;#39;이라는 소재를 바탕으로 만들어진 &amp;#39;영화에 대한 영화&amp;#39;, 고전적인 극 영화에 대한 헐리우드 블록버스터식 비유.",8
로건,"누군가를 떠나보내는 것은 이래야 한다는 듯이,",8
스텔라,연기력은 좋다... 그것 뿐이다... 개그요소도 좀있다... 그것 뿐이다... 이영화가 실패한이유는 불편하다...ㅡㅡ 이게 깡패들이 착한놈이고 이규형이 젤 빌런이네... 우선 손호준을 종일 불행하게 만들고 아빠도 불행하고 엄마도... 90년대 드라마도 이렇게 불행하게 만들진 않았을거같다... 그냥 평범하게 살면서 스텔라로 추억여행하고 좋은 추억쌓으면서 그과정에서 사람들하고 공감하고 그러면서 예전 추억찾는 영화였다면 이영화는 대박났을거다... 쉽게 갈영화를 더어렵게 만든 느낌이드네... 스텔라는 솔직히 정말 좋은 소재였다... 그리고 개연성은 밥말아먹었냐... sns로 손호준찾는것도 말도 안되고... 대충찍은영상을 짜집기한거같다... 너무 못만든 영화다... 캄보디아 아줌마... 그리고 박영규... 이런장면 너무 좋았다. 근디... 왜케 영화를 보면 불편하냐... ,5
오아시스,가슴이 먹먹하다.. 두시간이 넘는 러닝타임 임에도 불구하고 오롯이 한공주와 홍종두에 집중을 하게 만드는 문소리와 설경구의 미친 연기력.. 정말 명작인 이 영화를 이제라도 봐서 너무 다행이다.. ,10
극장판 귀멸의 칼날: 무한열차편,볼거없어서 선택했는데 엄청 재미있음. 더빙판이어서 대사가 약간 낮뜨겁다는거 빼면 나이스한선택,10
인민을 위해 복무하라,아 너무하지 않나...북한억양 흉내내기 어려워 어중간한 표준말로 쓰는거도 몰입안되고여배우들 연기력은 정말 너무 아쉽습니다. 초등학교 학예회 수준임...이게 어중간한 북한말서울말 섞인것땜에 그런건지 원래 연기력이 엉망인건지 구분이 모호하긴 한데아무튼 아....너무합네다 동지님,1
봄날,배우듈의 연기는 좋았으나 관객에게 뭘 전달하려고 만들었는지 알수 없음,1
더 배트맨,"하드보일드 누와르의 외피를 두른, 아마도 내가 가장 애정하게 될 배트맨의 탄생. 엔딩마저 이렇게 쓸쓸할 수가 있나?",9
이터널스,B급영화를 본듯한 마동석은 역대영화중 최악의 케릭터 졸리누님도 그렇고 기대를 많이했는데실망이너무크다 웬지 이터널스2가 나올거같은데개봉된다해도 안볼듯 ,1
루이스 웨인: 사랑을 그린 고양이 화가,배우들의 연기가 좋았어요귀여운 고양이들은 덤,8
타이타닉,명작중에명작 최고의영화,10
쇼생크 탈출,명작중에명작 최고의영화,10
그린 북,명작중에명작 최고의영화,10
레드 스패로,단단하게 쌓아올린 스토리의 탄탄함. 느슨해질 틈없이 흔들면서 끌고가는데 산만하지 않게하는 연기력 또한 훌륭하다 ,8
쉬즈 더 원,재미없다..아휴;;이랫다 저랫다.스토리도;; 짱깨가 쪽빠리 나라가서 쪽빠리 노래부르고 환상의 콜라보,3
봄날,장례식장에서 벌어지는 인간군상에 대한이야기. 연기파 배우들의 코믹물로 절대 딱딱하지 않다. ,8
헬로우 고스트,줄거리도머도 보지말고 그냥봐라.안본눈 사고싶다. 영화보면서 운적이 한번도 없는데 이영화에 펑펑쏟음,10
CCTV,이 영화의 특징은 알바생이 평점을 8-10점 준리뷰가 제일 아래 페이지에  징그럽게 많이 깔려있다는겁니다. 리뷰보는대만 2시간이 걸렸을정도로 리뷰가 많습니다.참고하세요. 절대 속으면 안됩니다.영화가 아니라 조잡한 &amp;#39;영상&amp;#39;이라고 보심됩니다. 감상포인트를 고르지않으면 등록이 안되네요. 없는데. 발연기가 포인트라 연기를 선택합니다.,1
언차티드,쌉명작 게임을 이렇게 망쳐놓는구먼,5
신비한 동물들과 덤블도어의 비밀,한마디로 재미 없다. 전작에 비해서도 재미없음.해리포터 세계관 자체가 별로인듯.매즈미켈슨만 하드캐리. 그러나 비중이 좀 적은 듯.,6
뜨거운 피,정우는. 주연급이아니다. 흥행파워도그렇고,1
더 배트맨,히어로무비가 아닌 로맨틱 스릴러 재난 영화,6
킹스맨: 퍼스트 에이전트,기대하고 보면 절대 안되는 영화. 킬링타임용보다 조금 나은 정도,4
암살," 연출, 연기, 소품, 캐릭터 모두 흠잡을데 없는 영화몇번을 봐도 질리지 않는다  다만 전우치,도둑들 대사톤이 겹쳐서 마이너스1점",9
신비한 동물들과 덤블도어의 비밀,꽃게춤 빼고는 남는게 없는 영화,1
찬실이는 복도 많지,오랫만에 좋은 영화 잘 봤습니다. 잔잔하지만 위트있고 소소한 감동도 있었어요. 앞으로도 이런 좋은 영화 자주 보고싶습니다.,10
더 컨트랙터,벌써 몇 작품이냐~ 벤 포스터와 크리스파인은 이제 유닛으로 활동 해야 할 듯 ㅎㅎ,6
화피,"기대같은거 전혀없이 틀어본 , 10년도 넘은 영화가 이렇게나 긴 여운을 남게할줄이야..1주일째 후유증에 시달리고있음. 이렇게 낮은 평점을 받을 영화가 아니다..이 애절한 스토리를 다 보고도 아무 감흥을 받지못한다면 , 감정이 메말른것이다...",10
니 부모 얼굴이 보고 싶다,배우와 연출의 힘! 설경구 배우도 좋았지만 오달수 배우님 오랜만에 볼 수 있어서 반가웠습니다. 메인 포스터에서 얼굴이 빠진게 안타깝네요.,8
야수,권상우 연기...하 2006년 감안해도 너무하네 ,1
쇼생크 탈출,hope is good thing,10
나는 네가 지난 여름에 한 일을 알고 있다,라이언이랑 제니퍼 비주얼 도랐다;;,8
아포칼립토,진짜여러번봤는데도 재밌음,10
건축학개론,대한민국남자라면 이런 스토리 하나쯤은 가지고 있을텐데...나 역시 이 스토리랑 싱크로율 60프로이상 비슷한 추억을 간직하고 있는 사람으로 생각할 때 영화가 전체적으로 잘 마무리되었지만 엄태웅과 한가인이 서로 마음을 확인한 후 한가인에게 키스만 하지 말고 미국 안 가고 한가인하고 한가인 아버지 돌보고 엄태웅 어머니 같이 모시고 살았어도 참 좋았겠다는 생각이 들어요. 그냥 첫사랑을 타이밍이 안 맞아서 안타깝게 이루지 못 한 사람들의 바램이죠 ,10
뜨거운 피,얽히고 설키고 배신과 피비린내가 진동한다. 정우의 연기는 대부2의 알파치노와 로버트드니로의 연기를 볼때와 비슷한 전율을 준다.,8
마스터,인생의 의미,10
엽기적인 그녀,왤케 웃기지오랜만에 각종 웃음은 다 왔다갔네요,10
니 부모 얼굴이 보고 싶다,일딴 좋은 배우들 두고 왜 이렇게 영화 찍으신거죠? ㅠ 어뜨케 보면 ㅇㄷㅅ 배우님의 복귀작이라고 봐도 무방하긴 해요 참.. 근데 뭐 감동 영화 노리고 하셨으면 진짜 열 너무 뻗치고 결국 설경구 아들도 가해자일텐데 쏙 빠져나가고 불쌍한척하고 뭐 이게 현실이라면 현실이겠져 근데 뭔가 억지 ㅋㅋ 같았어요ㅠ 그래서 좀 개노잼 시간 안간다 정도 어니지만 개연성도 그렇고 좀 부족하지 않았나... 해서 4점입니다,4
스텔라,평범한 코미디에서 감동까지 더해주는 아주 만족스런 영화였습니다.  온가족이 함께 보기에도 손색 없을듯!!,10
연인,예전 무협 액션이라 아날로그 감성을 자극하며 무술이 볼만하다. 역사의 한 획을 그은 배우들의 연기는 애절하고 안타까움을 잘 표현했다.,8
스타워즈: 라스트 제다이,이게 영화냐 내용은 없고 볼거리만 화려한 척 하네 PC도 적당히 해야지 ,1
디파티드,"평점테러라는 분들은 원작 무간도를 꼭 보시길... 헐리우드판도 아주 훌륭하나 워낙 홍콩놈들게 월 메이드라서 평점이 박한거임.  특히, 양조위의 연기는 디카프리오보다도 한수 위임. 원작보다 나은건 잭 니콜슨의 연기뿐.",8
디파티드,다른 느낌으로 담백하게 잘 봤습니다.,10
스타워즈: 라이즈 오브 스카이워커,똥인지 된장인지도 모르겠다 내용이 쓰레기네 ,1
낙원의 밤,갑만에 많이 웃고 잼있었요ㅋ,10
버블,그림체는 훌륭했음. 일본이 애니멘이션 선진국인지 알 수 있는 영화였지만 감독이 전하는 메세지가 난해함. 인어공주 이야기를 진부하지 않기 위해서 파쿠를 넣은건 신선했지만 결국에는 이도저도 아닌 이류 영화가 됐다고 생각이 듬.,6
반지의 제왕: 반지 원정대,2000년대 초반 세상이 바뀐날..,10
서울괴담,재미없어서 다시보기 무서운영화,2
인민을 위해 복무하라,"무광과 수련이 서로의 사랑을 증명하며 수령 하사품을 파괴하는 장면과, 사단장이 결국 모든 것이 계획대로 되었음에도 인간적인 고뇌를 어쩌지 못해 자신의 모든 것과 맞바꾼 훈장을 총으로 쏘는 장면이 좋았습니다. 또 15년 뒤 수련과 재회하기 위해 찾아간 무광이 안경을 벗고 모자와 군복을 갈아입으며 그때의 그 모습으로 만남을 기다리는 장면, 그러나 결국 재회하지 못하고 잔눈이 흩뿌리는 문을 나서는 절절한 뒷모습도 좋았습니다. 수련이 결국 무광을 찾아나서는 쿠키영상은 덤이네요. 더불어 실내의 소품과 앵글, 음악까지 에로영화로 비춰지지 않기위해 고심한 흔적이 엿보였습니다. 세간의 평과는 달리 오히려 보고 난 후 의외로 괜찮다고 생각했고, 연우진 배우님과 여러 조연들의 연기가 좋았기에 나름 즐거운 감상시간이었습니다. ",8
뜨거운 피,연기다들분명 잘하는데 반도못봤는데...   나만 잠옴?..ㅠ  ㅠ,2
기적,박정민 연기는 진짜 미친거같고.. 윤아는 정말 엑시트때 연기 너무 많이 늘었다고 생각했는데이젠 진짜 배우로 전향해도될꺼같네요. 너무재밌게 봤습니다. 내용도 내용이지만 연기에 감명받았어요.,10
프랙처드,hi04  미틴늠 &amp; 정신나간늠,9
용과 주근깨 공주,늑대아이에서 느꼈던 감동을 오랜만에 다시 느꼈네요 ,9
뜨거운 피,짧게 얘기할게시간 많으면 봐...10분짜리 느와르 120분으로 늘린 느낌.?그럼 대충 알겠지??,4
신비한 동물들과 덤블도어의 비밀,재밌그든요 진짜 재미없단 사람 모에요 흥흥 안봤으면 눈물 흘릴뻔~ 남친이랑 넘 재밌어하면서 봤는데 말이죠 지루 ㄴ ㄴ 당장 보시고 시즌 다 나와!!!!,10
데드 캠프,킬링타임용 볼만해요.,8
특송,배우들 연기는 훌룡했지만 스토리가 개판인건 어쩔수가없다. ,5
스펜서,"미래라는 시제는 존재하지 않는 감옥 같은 궁궐. 공황장애를 간접 체험케 하는 촬영과 음악, 연기는 가히 미친 수준. 실화와는 다르게 자신이 자기자신이 되는 순간 사람은 가장 강력해진다.",8
아웃브레이크,이 당시에 이런 영화를 만들다니 대단합니다헬기까지 나오고 스케일이 역시 다릅니다,10
신비한 동물들과 덤블도어의 비밀,호그와트  나오면서 브금 깔릴 때 너무 좋았음. 뉴트랑 신비한 동물들 나올때 나도모르게 광대 폭발함.. 그 외에는 전부 아쉬움 그래도 다음편을 봐야 내 속이 시원할 듯 함,7
루이스 웨인: 사랑을 그린 고양이 화가,고양이와의 잔잔한 행복영상이 아니라 생각보다 우울하고 가슴아픈 사랑이야기 였던 영화,9
라스트 듀얼: 최후의 결투,러닝타임만 길고 도대체 알맹이가 없어 알맹이가!!! 그래서 뭐 어쩌라고?! 간통을 한 건지.. 강간을 당한 건지.. 뭐뭐뭐 그래서 어쩌라고!!! 이 영화를 보고 남는 게 도대체 뭔데?! 진짜 어처구니 없는 영화네;;,1
해무,쯔쯔해무허무를재미있게 잘 풀어낸 영화,10
더 배트맨,로버트 패틴슨 은 그냥 배트맨이다!!!,10
스파이더맨: 노 웨이 홈,톰홀랜드표 스파이더맨은 발암. 역대 스파이더맨들의 활약이 그나마 영화 살림..,7
중경삼림,"금성무, 양조위 비주얼과 눈빛만으로도 압살하는데 적절한 ost와 미장센 가득한 연출까지... 왕페이 역은 너무 맘에 안들었지만 은유적 의미로 받아들여야지뭐...",10
지금 만나러 갑니다,슬프지만 참 행복한 영화에요 :) 예진언니 눈물여왕,10
괴기맨숀,오랜만에 찾은 진정한 공포영화평점이 왜 낮은지 모르겠으나 거의 모든 공포영화를 섭렵한 나에게는기담이후 최고였다,10
킹메이커,예전에 아버지가 전라도 출신이라서 지역감정은 언제 어떻게 생겨서 전라도 사람들이 아직까지도 그러느냐고 여쭤본적이 있었다. 아버지는 옛날부터 박근혜를 머리비었다고 제일싫어했던게 기억이난다. 그런 아버지께서 말씀하시길 지역감정조장은 확실히 60년대후반에 전라도에서 신민당 연설을 직접들으셨다고 하셨다. 그전만해도 경상도전라도 지역감정 전혀없었다고한다. 근데 영화를보니 71년도 대선에 박통이 했다고 나오는데 이건 너무 김대중대통령을 신격화하는게 아닌가싶다하긴 영화흐름상 김대중대통령측에서 했다고 하는것도 안맞긴한것같다만 너무나 김대중대통령은 선이고 박정희대통령은 악이고 김영삼대통령은 약속안지키는 간신배처럼 나온걸 보니 그냥 김대중대통령을 위한 좌파영화라는생각이든다언제쯤 우리는 우파좌파가아닌 중립에서의 영화를 보게될까...아버지가 전라도이고 어머니가 경상도인 나로써는 항상 그덕분에 중립에서 지켜보려고 노력한다.내가 어릴적엔 선거를하면 사람을 보고 뽑아라고 배웠는데 지금 좌우이념이 강한 부모들은 자식들한테 뭐라고 가르치는지 정말 궁금하다!,9
인민을 위해 복무하라,연우진이 멱살잡고쌉캐리 여배우 연기몰입은 눈부신 미모에 묻힘 너무아름다웠다..,10
중경삼림,살아본 적도 없는 그 때가 그리워지는 건 왤까.,9
부기나이트,죽고싶은 밤이네...,6
뜨거운 피,전형적인 조폭영화지만 소설이 원작이라서 뭔가 개연성이있어서 좋았음,9
스텔라,생각외로 잼있었네요. 아무 생각없이 보기 좋음,10
이스케이프 룸 2: 노 웨이 아웃,"짜임새 있는 스토리. 억지일 수 있는 주제지만 너무 자연스럽게 풀어냈다보는내내 손에 땀을쥐고 본 영화 1편2편 연속 3시간 봤지만 3편,4편있다면 연속 6시간도 볼수있는 영화. 너무 재밌다",10
베놈 2: 렛 데어 비 카니지,전개도 빠르고 액션도 좋은데 뭔가 허전함,7
극장판 주술회전 0,bgm이 미쳤고 연출이 훌륭합니다.성우들의 연기도 멋졌어요.전체적으로 재밌게 관람했습니다.,9
강릉,와 이게 평점 7대 ㅋ 대한민국 영화 수준인가,1
남산의 부장들,ㅋㅋ 그냥 문재앙이 간첩이었다는 영화를 만드는게 더 현실적일듯 ㅋㅋㅋ 감독은 무조건 문재앙 찢재명 찍었음 ㅋ,2
모비우스,그렇게 나쁘진 않았다. 그리고 맷 스미스의 연기가 너무 좋았다. 계속 볼 수 있기를,6
스텔라,시간 때우기로 나쁘진 않은데...너무 억지스럽다....중간이후부터 몰입이 전혀 안됨.,2
패러렐 마더스,딸애서 딸로 이어지는 그 연대의 견고함,7
킹 리차드,"내가 미친사람 처럼 보이겠지만요, 가족은 당신이 미친짓도 하게 만든답니다.",7
더 배트맨,전율을 느껴라!!! 그리고 마지막...,10
로스트 시티,아무생각없이 재밌게 볼 수 있는 영화라 너무 좋았다!,8
중경삼림,"삶은 변하기에 소중하지만, 너무 소중해서 변하는 걸 참을 수 없는 모든 사람들에게",10
신비한 동물들과 덤블도어의 비밀,너무 아쉽다...그래도 속편이 나오면 좋겠다..  다음부턴 신동사랑 덤블도어 이야기를 분리하면 더 좋을 듯,6
해무,말도 안되는 스토리....,1
파송송 계란탁,국산 로드무비중 이영화를 빼면 섭하지. 기차역 낭만고양이씬은 정말 최고,9
김복남 살인사건의 전말,감독의 디테일과 서영희의 광기연기의 전말,7
백두산,그냥 저냥 ...800만은 오바인듯 수지 연기 너무 못해... ,5
불도저에 탄 소녀,김혜윤 배우 연기력으로 몰입하게 만든다.,10
해적: 도깨비 깃발,ㅋㅋ 재밌네요 ㅋㅋㅋㅋ,10
베놈 2: 렛 데어 비 카니지,재미없음 진짜로 이거 볼 바에 딴 걸 보셈,2
퍼펙트맨,아무리 가벼운 b급 영화라고 해도 정도는 지켜야되지 않아요?,1
나일 강의 죽음,원작이 있는 만큼 설정이 탄탄한 편이라 긴장감 있게 잘 봤습니다,7
블라인드 멜로디,스릴러인데 웃기고 반전보는재미가 있음,8
별난 두 영웅,심형래 박미선의 통쾌한 코믹액션 요즘 영화 보다 낫다 ㅋ ,10
안테벨룸,조금 아쉬는 부분은 있지만 적당히 볼만했고 특히 오프닝이 인상적이었습니다,7
신비한 동물들과 덤블도어의 비밀,노래는 역시 웅장한데 내용이.... 조금 졸렸네요,6
인셉션,최소 두번은 봐야하는 영화,10
더 배트맨,한 시간만 쳐내면 훨씬 좋았을 듯 한데.. 전체적 분위기나 ost는 좋았습니다 그걸로 5점은 먹고 들어가는,7
레벤느망,그 때나 지금이나 다를게 없는 이야기.. 보는 동안 고통스러웠지만 외면할 수는 없는,8
스펜서,"공감이 어려운 세계의 이야기였지만 크리스틴의 연기와 영상, 연출은 좋았습니다",7
아메리칸 셰프,미국가서 먹어보고싶다..,10
모비우스,분장이 조금 애매하네요.. 킬링타임용으로 적당했습니다,5
앰뷸런스,뜬금없는 신파만 좀 쳐내면 좋았겠지만 긴 러닝타임에도 불구 즐겁게 봤습니다,6
루이스 웨인: 사랑을 그린 고양이 화가,"한폭의 그림같은 영상과 어우러지는 ost도 좋았고, 주연배우의 연기가 인상적이었습니다",8
젠틀맨,"가이 리치 감독의 초기 영화들을 생각하게 해주는데, 빠르고 감각적인 편집과 매력적인 대사와 시종 흥미진진한 전개가 정말이지 예술이다. 단, 이야기 자체는 다소 평범해서 조금 아쉽다.",7
칠드런 액트,뭐지???이영화 하고싶은 얘기가 뭐냐?,1
공기살인,이건 꼭 보셨으면 좋겠습니다. 누구나 피해자 또는 피해자의 가족이 될 수 있기에 보면서 화가 많이 났습니다.  영화 보고 유튜브에 이것저것 영상 찾아봤는데 피해자 분들을 보니 정말 마음이 아프더라구요. 이 영화를 통해 다시 한번 세상에 확실하게 알려져서 잘못을 행한 사람들은 반드시 그 책임을 지셨으면 좋겠습니다.,10
부기나이트,봐라....느낄것이다....나라면 어쩔것이냐....결과적으론 핵때문이지만....,8
니 부모 얼굴이 보고 싶다,연기력이 다들 장난 아니네여,10
더 배트맨,3시간 내내 졸았네요무슨 탐정 어쩌고 하는데 결국 리들러 따라다니기만 하고 무슨 추리를 한거지,1
엑스맨 탄생: 울버린,x맨 시리즈 2번째 명작. 캐릭터도 너무 개성있고 몰입감 진짜 최고인 영화...,10
신비한 동물사전,최근 10년간 이보다 감미롭고 흥미로우며 따뜻한 영화는 없었을듯 하다.. 두 사람의 키스가 아름다웠고 마음 아팠으나 희망이 남아 행복할 수 있는 발걸음처럼 눈물콧물 반죽 드라마 한편이네,10
야차, 양동근 연기가 정말 ! ㅋ~ ,10
부기나이트,꿈과 현실 사이에서 우왕좌왕하는 최후의 밤,4
언차티드,참 이것도 영화라고 만들어놓은게 신기하네 어휴 한심,1
모럴센스,쓰레기영화 서현 정떨어짐,1
더 배트맨,재밌는 소재들 다 가져왔지만막 재밌지도 않고 재미 없지도 않은..지루하지는 않은 평범한 영화였다..많은 것들을 짬뽕시켜 3시간 동안 풀어 냈지만..배트맨 3부작과 크게 다른 것이 안 느껴진다...개인적으로는 배트맨이 배트맨이 아닌 무적갑옷 입은 존윅이여서 더 아쉬웠다...,6
사이다처럼 말이 톡톡 솟아올라,처음으로 평점써봄... 노래 완벽,10
베놈 2: 렛 데어 비 카니지,1보다 재밌었는데 배우들 연기도 좋았고..1은 너무 순한맛이었음..글구 앤은 댄하구 결혼해야함 댄이 넘 착하고 용감해ㅋㅋㅋ,8
가면의 정사,팜므파탈 영화의 초기. 이러다가 위험한 정사가 피크. 당시의 유행.,7
러덜리스,기대없이 봤다가 세번 본 영화.,10
짱구는 못말려 극장판: 정면승부! 로봇아빠의 역습,"로봇화 되었단 것을 모른 체 기억이 옮겨진 존재는 어떤 존재일까? 인간의 정의에 대해 의문을 던지는 영화. 만약 로봇화가 아닌 같은 기억을 가진 유기체였다면 진짜 존재를 구분할 수 있었을까. 아이의 입장에서 겉모습은 중요하지 않았으며, 어른의 입장에서는 함께 지내왔던 외양과 객관적 판단을 볼 수 있었던 이야기. 같은 기억을 가진 로봇 아빠가 진짜 아빠임을 포기하게 되는 후반부는 마음이 찢어지는 듯 하다. 아쉬운 점은 후반부의 악당과의 해소 부분을 너무나도 아쉽게 마무리 해버렸다는 점.  하지만 초반부와 극후반부만으로도 볼 가치가 충분한 어른을 위한 영화.",10
시월애,"나의 인생영화..정말 오랜만에 다시 감상했다. 영화 오프닝과 함께 깔리는 ost 듣자마자 울컥..영화가 끝나고 왜이리 가슴이 아리는지...개봉일 확인하고 그 때 당시 선물 받은 cd발매일 확인 후..알게 되었다. 그 이유를. 그 해 2000년 하반기에..그래서 그랬네. 영화 내용과 닮은 내 이야기, 결말은 달랐지만 ..지금봐도 명작임♡ ",10
범죄도시,마동석이라는 장르,6
베놈 2: 렛 데어 비 카니지,순풍산부인과 13화가 더 재미있겠다,2
365일: 오늘,뭐야 이 유치한 포르노는 ㅋㅋㅋㅋ,2
앰뷸런스,요샌영화들이 죄다쓰레기뿐인데 이작품은 연출도좋고 스토리도 전달하는바가 크네요,8
낙원의 밤,몰입감있다. 재밌다라는 얘기지.,10
버블,eve 노래가 가장 좋았음 근데 여주 얼굴이 내가 싫어하는 그림 스타일이라 보기가 좀 싫음 내용도 다 예상 한대로 맞아 들어감 너무 차라리 이거 볼빠에 다른 영화 보던가 걍 자러가셈 만들때 복사 붙여넣기 한거같음 비추 일단 나부터,1
드라이브 마이 카,영혼을 정화시키는 힐링 영화입니다.,10
버블,작화랑 연출은 괜찮은데 스토리가 너무 진부합니다,4
버블,이 영화 제목그대로 거품입니다.,10
신비한 동물들과 덤블도어의 비밀,신비한 동물사전이래서 동물 보러 갔던 1탄..점점 동물이 안나와서 눈물이 나네요ㅠ이번편은 너무 해리포터를 어느 정도 알아야 하는 내용이 많아서 집 가서 다시 찾아봤어요ㅠ신비한 동물 더 나왔음 좋겠습니다 전갈춤 하나로 5점입니다,6
클로젯,노골적인 아동 캠페인 학습용 영화. 배우들도 성의 있게 열연했다는 느낌은 잘 못 받겠어요,5
